meanF0,stdevF0,hnr,localJitter,localabsoluteJitter,rapJitter,ppq5Jitter,ddpJitter,localShimmer,localdbShimmer,apq3Shimmer,apq5Shimmer,apq11Shimmer,ddaShimmer
159.11599071147373,90.31793675992311,3.9302529608300514,0.017451300260564958,0.00011364794553701073,0.007140507879605963,0.008345282760826427,0.02142152363881789,0.14344363047209002,1.286655376914552,0.0743049937984824,0.07633858287720219,0.1082005815159849,0.22291498139544721
129.73205841260108,46.42548957382191,11.773814101313848,0.028977016643503516,0.00022577060705384797,0.010774062003339297,0.01256304934773723,0.03232218601001789,0.10176917835498905,0.9622617042140221,0.03275399081663143,0.051533170147582796,0.1062286035598963,0.09826197244989429
163.42756633267857,83.99048521695647,3.922895636020316,0.018923845341751414,0.00011966259841063437,0.007709653669689776,0.008876767888746667,0.02312896100906933,0.1592572395566407,1.418599842017282,0.08243323348489372,0.08910526312407263,0.11788651279325721,0.24729970045468114
235.53785100613737,66.92561264107448,15.218009795365527,0.022878298342086385,9.784888855092407e-05,0.009476243471660005,0.010310585664872649,0.028428730414980015,0.08760346324716167,0.8641160033444083,0.027535082576486316,0.04334149065547393,0.08773754556293097,0.08260524772945894
125.84923788887045,48.2311135356945,13.037746401084183,0.03431011370711355,0.00027584692745780197,0.013423772332520264,0.013310032388866069,0.04027131699756079,0.0913099464330843,0.8615125356762784,0.029471866032383227,0.04458672598114804,0.08396208257714534,0.08841559809714969
127.46004060914971,29.764451558862753,10.781431144740246,0.026111426886918716,0.00020545813617934316,0.009567399550491145,0.012283134907630264,0.028702198651473436,0.11528887929780467,1.1028267781138144,0.04399005535854955,0.06687110863966363,0.118068752338003,0.13197016607564865
241.99689263258912,70.19552368165138,14.204997422793488,0.024206519619551784,0.00010095400730918997,0.009925875050213312,0.010697903927441698,0.029777625150639933,0.09206770969753868,0.9305841670750735,0.03091883668056941,0.04824759475117788,0.08943265673671068,0.09275651004170823
138.18179504733774,42.68970586048426,9.58357107679778,0.022252580074173835,0.00016153355615522102,0.009505192718282528,0.011347037181760554,0.028515578154847586,0.12374979341213001,1.162090435674933,0.04732093762028572,0.0718225155542629,0.13116914160631016,0.14196281286085716
184.1692561975465,120.98261323335383,4.883508988392104,0.026251229545339004,0.00015226404905669807,0.011274539657200404,0.012697731573660182,0.03382361897160121,0.17646317667634376,1.5402069734030488,0.09643806380994291,0.10715837816961109,0.14274036349829552,0.2893141914298287
141.93975792729987,49.70595242381353,11.889345037420279,0.02932571284634349,0.0002084870460240001,0.011051723011865522,0.012279054200358396,0.033155169035596566,0.0933219707827952,0.8832598786241844,0.029866022314730987,0.04687523772805886,0.09867440485672077,0.08959806694419296
152.79742943743202,50.743207591734176,9.275177746799127,0.02513796271766782,0.00016514012240537892,0.010723074685473235,0.012928314574190173,0.032169224056419705,0.13050038464677208,1.209164015864232,0.052373011176984244,0.07770701243947609,0.13558439866880148,0.15711903353095275
136.09333390866078,41.72739383615973,6.869513458356269,0.0248209898197311,0.00018384921168221872,0.009743494227310212,0.011007580745102238,0.02923048268193064,0.12900977950083156,1.188681219664141,0.05716777745975464,0.06674013915893945,0.11044601500423366,0.1715033323792639
133.56069330965016,53.75884242456284,11.177028496032428,0.03176827408148749,0.00024056760545945006,0.012324676142015586,0.01412609823494189,0.03697402842604676,0.09688920999570372,0.8878426425306662,0.03343480836213549,0.053629999248875224,0.10199982514464805,0.10030442508640647
140.8052199143139,45.38514954157709,6.7071359246506805,0.02213103635595854,0.00015812693266127901,0.008925004036550919,0.010093920220225022,0.026775012109652756,0.11715332221341478,1.0995287266167397,0.04690342004321528,0.05998855194190243,0.10699197190937804,0.14071026012964583
140.57932758045231,54.27747215040179,12.293533050631456,0.02850518625752941,0.00020519197943048024,0.010610999476050813,0.01176348962332,0.03183299842815244,0.0928760252408493,0.8989691203126151,0.028881758109134736,0.04517343607141194,0.09439809615667455,0.08664527432740421
136.71224879754354,45.08451246473371,7.255744581194616,0.022944973264710688,0.00016921543994674967,0.008757640045148321,0.00908839380163141,0.026272920135444966,0.10708659421435701,0.9465586435297261,0.035223030754279856,0.05206803261888428,0.10274921927954132,0.10566909226283958
140.47645603792333,53.85049975132064,13.14931765808545,0.032471224840581826,0.00023464212623493336,0.012213237950882931,0.012310405533580714,0.036639713852648796,0.09428554705265885,0.8841569807254621,0.03183655216405607,0.048080963175738525,0.09565081465678123,0.09550965649216822
318.7896912353071,165.6810165911229,4.149191826052986,0.055645992098229874,0.00019692050786736755,0.028725818783281207,0.031631516081330115,0.08617745634984363,0.2207328670043568,1.794123564708888,0.11834782817114464,0.13548867479462753,0.09831562800816826,0.3550434845134339
159.72057998688885,49.936125711615254,8.088820363752776,0.022306042884006637,0.00014056559437654122,0.009836845125127565,0.011580911921245636,0.029510535375382695,0.13365931974377107,1.22364469468118,0.05410769058264609,0.07620250424708136,0.13661234581784185,0.16232307174793828
162.99154130196737,55.42076521734321,8.236646522278441,0.02575996103076167,0.00015930082977063452,0.011509094124718584,0.013563077610653859,0.034527282374155754,0.13479964874975098,1.2354765870097097,0.054055752698450914,0.07695765875119491,0.13562870347064404,0.16216725809535273
137.98716676681312,42.251326428483836,6.375961893743413,0.023745927723776494,0.00017344211992120756,0.009443979338845282,0.010908265326629857,0.028331938016535843,0.11224265263717846,0.9796504560770105,0.039065038608579634,0.055859767240136776,0.09957523753445638,0.11719511582573891
167.00640745260407,63.09869264029556,7.590776052943261,0.026253066939843646,0.00015902727586986925,0.012607547397038584,0.014577402248210873,0.03782264219111575,0.15313207992929534,1.3575303723310344,0.06614729645977786,0.08997400893762408,0.13942533412041208,0.1984418893793336
170.41209128437345,61.7849483528915,10.904847799365454,0.027063438488467702,0.00015879212483507277,0.012053820057524454,0.011553727149542838,0.036161460172573365,0.09839707445366426,0.9342368336961008,0.02974913661445183,0.04170708742775756,0.08744920730740782,0.08924740984335548
122.45771815742393,47.79252310342602,12.197167892163602,0.03516406350486765,0.0002902040261800484,0.013807080012551811,0.01448609640778039,0.04142124003765543,0.09353506135966104,0.8713353266952976,0.03011971982848088,0.04716833451476905,0.09404445534085269,0.09035915948544264
169.78462381856232,50.97840199866048,7.4993382050292166,0.026627049477615284,0.0001576175992464205,0.012785795718560368,0.014816078919795478,0.03835738715568111,0.1529365521438524,1.3866344434337268,0.06556661248740939,0.09392346897986953,0.1533009114009319,0.19669983746222816
127.58435506413662,41.176956763817635,8.900281756759908,0.025436189751925728,0.0002012758730597525,0.01153862162901597,0.013264170907365641,0.03461586488704791,0.13013718884983094,1.199854788412593,0.05688333947661041,0.07986322705326238,0.13143410108223347,0.17065001842983124
178.52254596902543,57.15281532786732,9.000302799806255,0.026217226220495975,0.0001477427535262158,0.011817840116549228,0.013509384900966192,0.03545352034964769,0.12462726843847705,1.1982637466440107,0.05122758777730816,0.07331187099509609,0.12851921023345,0.1536827633319245
130.34092623432792,30.529949193444338,6.698033044811089,0.024774153664597672,0.0001907400892801588,0.010452961142874537,0.011995170362021218,0.03135888342862361,0.11735229755590518,1.0593448332900874,0.037953827578464445,0.058090041365660074,0.10919326656853584,0.11386148273539334
136.7265327055932,55.93862945015801,11.135357073138016,0.031110188664526157,0.00023054005645815266,0.012339698230528329,0.013269367585434077,0.037019094691584986,0.09520903164535739,0.9204399521050881,0.03030189998283614,0.047787093171180885,0.1029981539667597,0.09090569994850842
138.45150404157772,37.34254248379626,6.835940128946795,0.022067012412701172,0.0001604899801033393,0.008522133653728756,0.009727504357089108,0.02556640096118627,0.11825492089263459,1.108506131344297,0.045749572903178534,0.05932033295421442,0.10671510062258832,0.1372487187095356
135.19790743795022,36.81494128392962,6.4306861397494135,0.021067031576139632,0.0001565570499732133,0.00833457742112908,0.009326587229039184,0.025003732263387243,0.11537226882684246,1.0663926343291732,0.04196250205492354,0.05755995807709755,0.11106748545920693,0.12588750616477062
150.74012844222963,52.961505212115625,12.996223997537825,0.030737266370072767,0.00020661880511058987,0.0112090860637358,0.011640015236380957,0.0336272581912074,0.09299393794196067,0.8562169940934321,0.029660093959972867,0.04610032367732118,0.09465241616540175,0.0889802818799186
237.89419874450593,65.85925454591587,13.62118805819728,0.023006273746659627,9.758209272904241e-05,0.009286104330047517,0.01053850717729548,0.02785831299014255,0.09825588547870415,0.9577967475336823,0.03110902218506908,0.049956953182124356,0.10051981152146529,0.09332706655520724
141.92602207694182,48.792338232651254,10.818959870023393,0.031240972462179332,0.00022230454027888236,0.01235322670503775,0.014161373427108756,0.03705968011511325,0.09916328943307545,0.9074192844314645,0.03457894715567734,0.05473912030889642,0.10694763526260483,0.10373684146703202
199.86037736372117,125.22863657708156,3.5606493096750653,0.02863220816522359,0.00015606896232718526,0.012592162698456973,0.013199769497910888,0.037776488095370916,0.19194452355999747,1.5995700605372765,0.10847467928146985,0.1132242927492096,0.1618635292862269,0.32542403784440954
122.01301977028902,36.48488927739395,8.393413381153422,0.024063452127924923,0.00019797907109428696,0.01061762373478403,0.013148762125887122,0.03185287120435209,0.15022827255698504,1.353829804074122,0.06161446505615884,0.09057200143330314,0.15399042234564098,0.18484339516847653
245.08248503960684,64.75803603537489,15.167586496264544,0.02199313348234421,9.045563716190486e-05,0.009023081168124066,0.00978080279762584,0.027069243504372197,0.08627485678871277,0.8634479494066336,0.025854867939689042,0.03991174183541958,0.08103964072122348,0.07756460381906713
133.0327880993785,42.41293620936534,6.517254572539234,0.027080291339209174,0.0002051318927498844,0.01145196572617036,0.012017722269407278,0.03435589717851108,0.11653963586664175,1.031085797017401,0.03847510232835451,0.056755814405586545,0.11271528121852623,0.11542530698506352
140.34651488723506,38.01199477423376,6.7540206974211365,0.022563066884589193,0.00016149684861537913,0.00919460158379663,0.010071741300446134,0.027583804751389888,0.12106378942645471,1.0938363038884837,0.04649764999984958,0.06247170027774293,0.11101687522822301,0.13949294999954875
135.0509637071588,45.106177742176435,9.696733290240259,0.024472262549836733,0.00018199283735640987,0.010742144680987855,0.012477666187460202,0.03222643404296356,0.12264435788481168,1.1543953447563837,0.047430964838512765,0.07152175777314698,0.12687644675859913,0.14229289451553828
120.24677734662279,51.791830623661184,10.005908688855383,0.03265861076454165,0.00027667315917997406,0.014802652722314838,0.014809205671592602,0.04440795816694451,0.14428316090198512,1.3068643115843448,0.071823290539754,0.08231200050436309,0.11608117760523905,0.215469871619262
127.80194318628652,33.13748847615657,6.234071643325975,0.026627332911358822,0.00020965924339669606,0.010856190527116732,0.011737709358177553,0.032568571581350195,0.11430296222091407,1.0074071457194218,0.035025460818310136,0.053463702018576024,0.10853732811935142,0.10507638245493041
141.16092984848385,46.36619498545386,12.652251184607634,0.027802245422740915,0.0001988218716909611,0.010157612102704897,0.011379864300340702,0.03047283630811469,0.09234042028652613,0.8514363398399929,0.028791791632650065,0.04651720773698188,0.09434416531890853,0.08637537489795019
132.7031234365432,43.98849740330584,9.633712820100037,0.024285445267249555,0.00018398587837980903,0.01023406084880207,0.012276381953252846,0.03070218254640621,0.12685236513179865,1.1861994986014894,0.04778873680678111,0.0735797654466572,0.13354855488630016,0.14336621042034334
135.87017027102007,44.30477107802454,9.431293287540973,0.023573295667398735,0.00017406248302955185,0.009954293716907437,0.011971796835106248,0.02986288115072231,0.12681475617472532,1.1711210251194357,0.04956830245595315,0.07351405350276721,0.1351752665498147,0.14870490736785946
142.39929214668442,57.090566289712875,12.164710350009743,0.031340647631693606,0.00022304609698883379,0.011146367609207685,0.012664843507674746,0.03343910282762305,0.09513474335740821,0.9127436025642559,0.02971495029739884,0.04699935067117686,0.09889069972868743,0.08914485089219651
118.86583390939671,50.1085969089639,8.199545896937616,0.02441352856921079,0.0002081540161750144,0.01048566478737083,0.012913676642032882,0.031456994362112495,0.14224247209813626,1.2542277170554719,0.05931676333765516,0.0878149145469828,0.1555583171371785,0.17795029001296547
122.33099028828812,31.207363484668385,11.250860447374306,0.030914596339596045,0.0002539001360338796,0.013717559381035095,0.014459957361511944,0.04115267814310528,0.13081279640986287,1.2164419336393555,0.0585283203128945,0.07766565286879559,0.12124004551737864,0.17558496093868348
207.0640835225913,129.06251157116293,3.571483185794897,0.02360189553188065,0.00012342747983948258,0.01048334293860051,0.011659611620948746,0.03145002881580153,0.1927591434498531,1.594646380835334,0.10870510782184284,0.12052468086879506,0.15790632045698433,0.3261153234655285
190.12087550293356,141.97634253417456,5.205607640982618,0.02637782811119387,0.0001606387464000954,0.00994806350962954,0.011641022914118036,0.02984419052888862,0.1635412992687969,1.488732782621153,0.09211365515432401,0.09403493391569419,0.13745935979199586,0.27634096546297204
133.0489347629385,47.101865838486866,12.469778822830502,0.0313074812342041,0.0002374709776252559,0.011729733397928108,0.013112181032766665,0.035189200193784326,0.09845140320396238,0.9257212810300356,0.031621577546319585,0.05049845234184971,0.10257918341022888,0.09486473263895875
247.43840474171114,164.81547207594767,4.854780229936423,0.03319106408295444,0.00015057545321040474,0.014819089682309078,0.015410558116206901,0.044457269046927234,0.19501555398944143,1.676102979419552,0.1127488386374554,0.11231196856946772,0.1606560396873134,0.3382465159123662
113.92527838516317,42.69187546043184,9.875433742896014,0.031006596176234708,0.0002753613734289946,0.013422600332129052,0.015011687895603117,0.04026780099638715,0.12664732959045258,1.1791178429931166,0.053283370637222785,0.07388466628707732,0.12018350543400166,0.15985011191166837
157.3294314838517,51.79746639890475,11.73462650472774,0.025172085244716595,0.00016188106129204132,0.009028169273663181,0.011273168731480706,0.027084507820989544,0.1014713542010658,0.8956568203953629,0.03628301981855931,0.056793742649751164,0.1055426787328829,0.10884905945567794
139.9989738465586,53.62711146679554,12.42125264629722,0.029126030242768,0.00021047757010610415,0.010724623565980385,0.011906449072625289,0.032173870697941157,0.09693303514763792,0.9110561200658545,0.030613993682519984,0.0480747819780128,0.09624270388307513,0.09184198104755995
243.53912161278654,67.64177362291248,14.91501030113809,0.022318047205337834,9.218282493818633e-05,0.009212166619338135,0.010223594561827837,0.027636499858014404,0.08519202623314735,0.8523344736423164,0.02648961985163029,0.041646009883491965,0.08473916441827009,0.07946885955489087
192.4570089593632,116.97342503531871,3.7408086979439155,0.024362684962468444,0.00013618395487538366,0.010908620618238265,0.011827529831843871,0.032725861854714794,0.17850633658681644,1.507803998713669,0.0955858951772373,0.1068321844344948,0.13087063032083118,0.2867576855317119
185.6241595894251,120.05648901451895,3.6100577113927557,0.02233631731808467,0.00013185988004432215,0.00967703436708765,0.011375285387441984,0.02903110310126295,0.17216587785206103,1.4881617930481188,0.0925665223469968,0.0955040989050257,0.12917253724583855,0.2776995670409904
133.8774756739218,39.627598036312186,6.268268517163417,0.023185415448651506,0.0001742664026328578,0.009303703325117043,0.01026633530827919,0.02791110997535113,0.10925400800665362,0.9531731690434893,0.03898694655641577,0.056018795293661675,0.09883460239411711,0.11696083966924731
137.91514162809872,51.06117889514878,11.965511874948527,0.031047546250996448,0.00022747104121561033,0.011377890109990876,0.013235450095396645,0.034133670329972624,0.09883817705157168,0.8947604390080645,0.034057461963293026,0.05385637916628518,0.10215185984286591,0.10217238588987908
139.03028107618493,40.66556953935673,6.409390484431545,0.023694459897505273,0.00017138745862407397,0.009328621231520975,0.009929343921841017,0.027985863694562924,0.11416456920043572,1.011754260080713,0.038037444922420886,0.055446001572430396,0.10042846359773079,0.11411233476726265
223.03330355718361,139.26356221270206,3.766806115257576,0.03014999006195028,0.00014611945868611188,0.014254807383120295,0.014617422111016461,0.04276442214936089,0.19257840575636112,1.5793689314026185,0.10563082765059599,0.12309876954559745,0.14376562704963075,0.31689248295178796
147.91077046197756,52.605032623994084,4.825330021285691,0.017239663440460525,0.0001172097726540164,0.007005999943887414,0.0077416784490435325,0.02101799983166224,0.15158499399018432,1.3712198616076376,0.07509903307974074,0.08287661126021638,0.11706849000594502,0.2252970992392222
279.2917714877757,163.86800701473638,5.150419938358383,0.041700425110965715,0.00016774726980585007,0.020389454689057663,0.021536405901548292,0.06116836406717299,0.19354438301656246,1.6159957458311713,0.10024997557209261,0.11524996201354877,0.12185042937758096,0.30074992671627787
215.93635516495553,140.31678350258136,3.360981435312053,0.02448607915703405,0.0001258376047530235,0.010474909224193507,0.011510309225991297,0.03142472767258052,0.17092091883368749,1.477087740714748,0.09296180313818848,0.10213409863669473,0.13071892308303726,0.27888540941456547
178.05203220161556,52.16828747158013,11.287746339270418,0.023430858763194944,0.00013215345965726546,0.010110938860875647,0.00938751911278101,0.03033281658262694,0.09898595917727321,0.9290191010149772,0.029361152259288106,0.04387952380029055,0.09381258738869169,0.08808345677786432
159.37304035987802,62.73533628675985,7.809676771416528,0.028649414882450947,0.00018198692042020376,0.01384834999137147,0.01557320825236488,0.041545049974114415,0.15918353951374842,1.415145370818929,0.0701784107514528,0.09537697551476124,0.15165455216874482,0.21053523225435838
137.46349447896384,36.312998598585594,6.884468040354803,0.022730949932506975,0.0001662101844294068,0.009243730309348448,0.009997505999400426,0.027731190928045345,0.10604993458242158,0.9753004304906159,0.0367137342495112,0.05311258341837049,0.10156972269989531,0.1101412027485336
163.76154747149116,70.62038455030873,10.946878044987404,0.0265136644399085,0.00016213881842181322,0.01178880999356355,0.011103247751098935,0.03536642998069065,0.10111992208013613,0.9400816704582627,0.0324475750470575,0.043818970625492525,0.08597053134498905,0.09734272514117251
121.1363867419638,56.516315446510546,10.475784317123571,0.021971904135293697,0.00018370593247099256,0.00934669486918749,0.010714309704309352,0.028040084607562472,0.13619864281878424,1.237174044965198,0.057379421651886225,0.07912975352931646,0.13468046259137437,0.17213826495565868
127.35266389853665,40.189591042044185,8.38598244352411,0.030620321230853006,0.00024194923101923985,0.013257514412113305,0.015528178266480204,0.03977254323633991,0.13366097796401663,1.2388861384578118,0.05851104097267129,0.08159144715263308,0.1325534695938651,0.17553312291801387
149.15099642487235,50.41163331736612,9.255507594680525,0.02506185845568634,0.00016915109742500394,0.010837881537597741,0.012520298585839508,0.03251364461279323,0.13549188277042867,1.2161159261913985,0.057431588298576385,0.07800745014505835,0.130843627101975,0.17229476489572915
163.96875607188056,66.80118883907808,7.23399493396692,0.02864932050174084,0.00017644018595151548,0.01412533142210299,0.01599065946768409,0.04237599426630897,0.1638690794030855,1.457835522521107,0.07431720227117614,0.10160858730774905,0.16791131764676911,0.2229516068135284
157.71246757168961,57.07154531778262,7.967596709498747,0.02635987987280317,0.00016856356677533556,0.012887266538770958,0.014594615738198263,0.03866179961631287,0.15329176040635747,1.3809383709727459,0.06772733317372702,0.09377167872655388,0.14811690473600528,0.20318199952118104
131.71401156568405,33.4168673951014,7.369342862190692,0.02372456930060103,0.00018100951851774322,0.009060211264602982,0.00992048730825962,0.027180633793808945,0.1077707705509904,0.9366994291700957,0.03441867379651292,0.05319023271495799,0.10289616206754905,0.10325602138953877
221.7394017732556,143.21351994885762,3.4837393553619433,0.025531144864973772,0.00012733631957027874,0.011206477956234728,0.012325790338342125,0.03361943386870418,0.1895177541266444,1.5965285742683435,0.10759834803198336,0.11454641617290871,0.1395113127045223,0.32279504409595006
161.62477803836478,65.23083141241523,8.11141623754913,0.028081892235792452,0.0001753274545088235,0.013636065764494963,0.015466013355539815,0.04090819729348489,0.15932990993748555,1.405012407033903,0.07077330930544054,0.09354558358760891,0.14474644991786004,0.21231992791632162
137.68028820281071,40.23655819432924,9.961080445841532,0.020375664603336858,0.0001486283267471914,0.008932453458894896,0.01042841466529943,0.02679736037668469,0.12410421072462392,1.1773662064184454,0.047689855349369266,0.0726492845403252,0.1341029177284142,0.1430695660481078
167.84371328125624,98.67452239320643,3.5626416426753975,0.01997133811987576,0.0001250043159427415,0.008462341153897643,0.009604051354584971,0.02538702346169293,0.16779895111904797,1.4665423057025675,0.08837468082544156,0.0921529407604955,0.12848240501160996,0.2651240424763247
137.21206519819498,44.36054822977373,13.374612572614362,0.0284386822940931,0.00020970246966910084,0.010048162922712931,0.010959507137064886,0.030144488768138793,0.08644847745517284,0.7959034005157014,0.0282066671265434,0.04242242154196347,0.08134006228691694,0.08462000137963019
150.99681101380517,58.60356019664101,5.459974963515087,0.01879141883053285,0.0001255131237670127,0.007484698829951802,0.00855526492312127,0.022454096489855406,0.14862303505191157,1.3428554784769484,0.07274374810287097,0.08427314242575117,0.11904166115267605,0.2182312443086129
174.56324847023143,90.84164206408369,4.159352472130475,0.018288794935333776,0.0001085457059473629,0.007457624739514473,0.00847943028867529,0.022372874218543417,0.16378495984138508,1.458660727050144,0.08619119794990983,0.09480215619374834,0.12439728841427226,0.2585735938497295
112.2894986559974,26.54393538481349,12.966895791145067,0.030808405152152378,0.0002751831108134585,0.012761488832265348,0.013658057282510594,0.038284466496796045,0.12027637479547378,1.1338149075477526,0.04939885752187,0.06848666214561665,0.11347729687213977,0.14819657256561
149.53472158073194,56.76644231565102,4.905374626598124,0.018811324647672264,0.00012694905438476889,0.007603522162039726,0.008658645572676732,0.022810566486119177,0.15077333290834363,1.3585959442172184,0.07430480985860541,0.08386847638507856,0.12183780129284688,0.22291442957581623
176.90767808107972,67.2008341971296,9.746436808152588,0.025603919407438253,0.00014612944184912667,0.011676855202316313,0.013345384138902343,0.035030565606948935,0.13492457912440167,1.2638888709233984,0.05389601311676911,0.0776261968307832,0.1402943157718633,0.16168803935030732
175.0649261931055,65.40508340397055,13.265107056416838,0.023943887496114,0.0001382037452782228,0.00824786138861124,0.009815038848036505,0.02474358416583372,0.09106200091916979,0.8650888104869101,0.027468716693385218,0.04436159015290864,0.09202240162339503,0.08240615008015566
119.90060699596525,41.894377634468476,9.675575413446404,0.023543839548848373,0.0001974233727167191,0.01014132179189714,0.011928033668937707,0.03042396537569142,0.12252365331229448,1.1452334738237664,0.04585852049740996,0.07116476961501216,0.13310155877946814,0.13757556149222988
127.75181458003821,36.05134522699733,6.813281626929919,0.026000288035833537,0.00020481072063405995,0.00987617998660166,0.011547711604339274,0.02962853995980498,0.11274485627853527,1.0049504519289583,0.03592110037127849,0.053269151257336986,0.1078328425648256,0.10776330111383547
122.19921027697092,34.53786274883142,7.880394411735329,0.03194658433930646,0.0002624400925081909,0.015787521332417034,0.018592086065012423,0.0473625639972511,0.16649283661636066,1.4991031498482958,0.07515248263709848,0.10953637839208573,0.1786734655419075,0.22545744791129543
125.67284781658078,47.538928726835,7.897619451109078,0.02690678563197335,0.00021671505241425995,0.01183153101427533,0.013753172319179864,0.03549459304282599,0.13891919045053733,1.2672204160129399,0.06256603842377743,0.08553138357669321,0.1312255167025605,0.1876981152713323
140.96951436794157,40.69919263337354,6.27600388654724,0.024360627697133323,0.00017381605368963393,0.009902861439106474,0.010354182741781322,0.029708584317319424,0.1207164822533542,1.087945332952252,0.04628774663252926,0.06070954361039767,0.10584761224401024,0.13886323989758778
137.7185063749433,41.63094278289381,6.007281166485909,0.024054664952205866,0.00017582962682724816,0.00938781580649692,0.01045632174344435,0.028163447419490763,0.11296412221277148,0.9983030816286192,0.03879360025565114,0.05762614923499411,0.10604855192071148,0.11638080076695341
143.2414450816765,85.82657742009698,8.853408104206943,0.033737095986093917,0.00024503963053646805,0.01637701006038442,0.015748733963798188,0.049131030181153265,0.1731078711787729,1.5253340125823691,0.09168093567682188,0.1030233351789389,0.14208566301621256,0.27504280703046563
251.509092890286,68.06882291151571,16.43699604287367,0.021358145267093204,8.551759914678881e-05,0.00896589820427481,0.009168390975923807,0.02689769461282443,0.08369189619654355,0.8291496473063026,0.026794483796529874,0.03918129676781508,0.07861912943680845,0.08038345138958962
332.49993669397463,161.25148791962675,4.657471816166965,0.05559290757559853,0.00018561252216149054,0.02925483071368253,0.02962582109539725,0.08776449214104759,0.22867691429376283,1.825904959023575,0.1259018544455063,0.1305123258135827,0.10196925902773885,0.37770556333651895
132.7684370823341,34.560921396516,6.337902296624917,0.02230458905418995,0.0001690591135868431,0.008687014593450644,0.009519762484839997,0.026061043780351935,0.11989231077921517,1.1084092390624891,0.04466920932326821,0.05865415390640205,0.11094480081881934,0.13400762796980464
132.51619420218648,40.58612180419499,8.46645507998129,0.026717731505450888,0.0002027426591058644,0.01154138307049197,0.01351836315715629,0.03462414921147591,0.13652289155212916,1.2443515347519238,0.05969252686928731,0.08248975725643332,0.13001254646622723,0.17907758060786194
140.57688479626648,56.28159624436007,11.360542691453993,0.03177355771406336,0.00022927879889026055,0.011256545326227765,0.012444810211380379,0.03376963597868329,0.09603851319629024,0.9173721884928873,0.029686987074892573,0.04721717568123054,0.09673151764674874,0.08906096122467771
249.1593334459508,68.7727750882009,15.664596377478116,0.021441486577558615,8.659538295005453e-05,0.008817784265839148,0.00936858238367551,0.026453352797517444,0.08394757426234997,0.8695851802389063,0.02606738146801262,0.04091215669835507,0.08421940504341795,0.07820214440403786
175.24040669107234,47.026203017317,9.641225575858565,0.026443054831508196,0.00015155215781967955,0.011546288843088252,0.013436553744452096,0.034638866529264754,0.13007463601248287,1.2325145061455642,0.05167279775932812,0.07669998392762029,0.13990304694335792,0.15501839327798436
128.54491396432695,31.35641316624463,6.480492975043062,0.026600691091228795,0.00020794884492271926,0.011405324987053647,0.011336044483036972,0.03421597496116094,0.10969872815122016,0.9585688081559546,0.038173149341983785,0.05410603387695337,0.09959043522317806,0.11451944802595135
144.60423082271333,55.54963689191664,11.289261688170079,0.03269709221322339,0.00022858004703329017,0.012357042879750342,0.013042821730935109,0.03707112863925103,0.09773888486471044,0.91513868740958,0.03243249636572315,0.04957812398147439,0.10176827199082239,0.09729748909716945
315.8795505921256,105.38911685599764,7.1863745839178765,0.029504913371857275,9.756386936940092e-05,0.011906702691369737,0.012692553117724619,0.03572010807410921,0.21222914928827533,1.7583360520647016,0.09807562754906293,0.18324056648987344,0.24197514050823496,0.29422688264718877
131.44007662499394,41.097755860616616,11.679725643448938,0.02777103794615025,0.0002132318681473826,0.01006345035767702,0.011829977118196685,0.030190351073031058,0.09728118848627564,0.9077737026369022,0.030797853488733797,0.049781485881202604,0.10434344047697316,0.0923935604662014
125.09331214376843,46.29362689560953,10.301705378129077,0.028893663669242713,0.000234576700945348,0.012972222950996159,0.01352060477331571,0.03891666885298847,0.14431222189199372,1.307219523516033,0.06788140054050418,0.08574371392845606,0.1363175294568011,0.20364420162151253
133.88453769319543,51.61797011985033,8.663401288109736,0.024843732544527528,0.0001867272814728987,0.010296087979792753,0.012299202212502705,0.03088826393937826,0.12904801462187845,1.2018984986580246,0.05012685779497353,0.07360511134150352,0.12903896111197832,0.15038057338492059
131.61001418023966,33.649718674140004,6.096461017856283,0.024469080230726768,0.00018687646295766135,0.010349727090164889,0.010706590143200608,0.031049181270494667,0.11096879596915848,0.9702548308109185,0.037926030063317524,0.05562330482893598,0.10454913171657175,0.11377809018995258
248.8090966275979,71.8866799212635,16.497684536917998,0.021426397079520702,8.693334641230198e-05,0.008617569565618611,0.009532623854196596,0.025852708696855832,0.08170038915387873,0.8274984412368335,0.024543592715151354,0.03943227076437463,0.08022028873926318,0.07363077814545406
128.9559785265491,33.51459121556065,6.304200336714378,0.027550773413978394,0.0002148525741118244,0.011799194816656623,0.0117612516712541,0.03539758444996987,0.112297625537538,0.9965183884085658,0.0380461918383511,0.05432316713397271,0.09503177711755073,0.1141385755150533
145.6824283747644,53.61882229358205,11.613144522011222,0.02467600094954136,0.00017160711922404735,0.00852676444163544,0.011003520603165609,0.025580293324906318,0.11503716449982071,1.04827247299879,0.038890922355145664,0.061158980143268364,0.11014269088128402,0.116672767065437
127.6011469013478,39.02214732126497,7.551982575521265,0.027699322673205958,0.00021799973472133526,0.012422841551459562,0.01430236427549136,0.03726852465437869,0.1483157077430093,1.341737278338649,0.06752887654188434,0.09449901542683833,0.15310385649285477,0.20258662962565305
130.00012910908623,38.091493410952175,8.82115191107891,0.02370326388345359,0.00018285392067461716,0.009939250794538997,0.011906238886499634,0.029817752383616992,0.12575455602619165,1.1848995817168315,0.04772833473493201,0.07263707109266065,0.13634747177304588,0.14318500420479602
124.25918583953519,61.170718561354455,10.21899419762885,0.024601957241903102,0.00020108234128283446,0.011202188612154725,0.012603686418502945,0.033606565836464174,0.13719413410184636,1.2624476426586768,0.05688730559348265,0.0827669980302145,0.14376434758170034,0.17066191678044795
115.45148763027672,28.19063701074503,12.287457899672637,0.0270239697237982,0.00023476703054693278,0.011223108704446948,0.012199785857467758,0.03366932611334084,0.10658283260690948,1.0235920642084853,0.04110148226897705,0.05739970508980409,0.10070260390495318,0.12330444680693115
177.13625131916737,57.07397535040389,8.82367212770945,0.02552576439750231,0.00014517868554744386,0.011769313180284548,0.013200938786949185,0.03530793954085364,0.1397086173947782,1.2821773449244325,0.057651685722482485,0.07891519897204835,0.1392870729920221,0.17295505716744747
167.5997006529682,71.67606271235948,8.296431472691967,0.027973047342424597,0.00016860649744858153,0.013638830992042814,0.015177056084716865,0.04091649297612844,0.15330231915202125,1.370041080763093,0.06598068410727904,0.08804882322108845,0.14006296011006603,0.19794205232183715
140.07512641994256,44.229773045444794,9.384445212903652,0.025237531876407468,0.00018093089728691525,0.010813936595233548,0.01301973223082913,0.032441809785700645,0.13080384227990893,1.2221652923195383,0.05009444355351797,0.07647182039359422,0.13769262212481,0.1502833306605539
246.93228887123817,63.130938432862145,15.68798882547544,0.020736593712567704,8.450574085872515e-05,0.008602595836417285,0.009541527607103948,0.025807787509251855,0.08990940994681525,0.9174983807884892,0.029647346112468456,0.04821149444838843,0.08566027721887816,0.08894203833740537
146.28905844274752,57.78964871293243,11.87214077175875,0.029319696240455134,0.0002031379380845979,0.01027719044542138,0.011979522727152098,0.030831571336264144,0.09903837449108088,0.9402558478950389,0.03157437843266692,0.049047880906039454,0.10247133485202792,0.09472313529800078
167.83997768072265,55.45050869622368,8.515145878908601,0.024850164393643393,0.0001492725711803037,0.010978931998937656,0.012464535551410099,0.03293679599681297,0.13184701732610107,1.2135232099555342,0.053231748182960156,0.07470245336302113,0.1336082188835376,0.15969524454888046
136.9905402231855,38.39957276357482,7.12611966820846,0.020981553016098557,0.00015406272363158668,0.00824859558325908,0.008430208570188454,0.024745786749777243,0.10490474580366524,0.9145693572848648,0.03422205022927044,0.049954089000792595,0.09305663137857256,0.10266615068781132
136.8684316514547,55.579482551253406,12.756048626839405,0.03500201165506715,0.0002599723484345563,0.013004548376852,0.014533142220974503,0.039013645130556,0.09840927610956608,0.9250133507686994,0.032369284395663105,0.049811754237638714,0.09558942193388623,0.0971078531869893
190.80432591268323,130.69415385682763,4.171647100722925,0.032542225950865096,0.0001910231375479095,0.01416257466053735,0.015605478962283119,0.04248772398161205,0.1627802648295299,1.4172296459619165,0.07460555486879895,0.0829029408631975,0.10535291887299524,0.22381666460639688
168.9187676732125,95.43084394183151,3.9003079168447266,0.017497344226541922,0.00010732472429164518,0.007422652386382853,0.008338038273407972,0.02226795715914856,0.1654835043379932,1.4398395387369753,0.08950240782119004,0.09083949796241003,0.11620847764849644,0.26850722346357014
247.6546152490971,67.54150655388648,16.156448245218666,0.02094627885730596,8.538064185906226e-05,0.008478350771006267,0.00938831634508156,0.025435052313018798,0.08274486916139302,0.8309566636424424,0.025461203547057713,0.040404470677277655,0.08490098835689561,0.07638361064117313
165.4293608799537,55.44488851989314,6.695439370885504,0.028190199652246815,0.00017105884631534972,0.01363955389998025,0.01595667588911035,0.04091866169994075,0.1581409978441638,1.4118064298374793,0.06969350612763218,0.0977030381525943,0.15511884848169324,0.20908051838289654
269.91095583089384,83.91272630387456,9.285293050153005,0.02442489560920713,9.333180540537784e-05,0.010524103163631962,0.01172894408120993,0.031572309490895886,0.16673721705556308,1.508816717887406,0.07386776279178982,0.12893976959055872,0.161570323065855,0.22160328837536947
255.5891962509991,72.89637490197613,17.33565100812318,0.019413110292736666,7.655441471983898e-05,0.007820586772109402,0.008002649288564367,0.023461760316328205,0.08116394552595088,0.7980993472746641,0.024222544726384417,0.03903567213274936,0.07861471446893843,0.07266763417915326
158.83189813495346,49.61193929697563,7.549441710097295,0.028303496781835743,0.0001792775802270856,0.013657412255900753,0.016027579030016195,0.04097223676770226,0.1501153873117457,1.3588942164550708,0.06431630629971756,0.09263767127852657,0.15756070145193715,0.19294891889915267
238.2022023650684,67.78914250162491,13.642088241305911,0.022965044233391775,9.724860289576676e-05,0.009313791118401159,0.010480868166668907,0.027941373355203476,0.09035138678082538,0.9029958953138769,0.0285382786615781,0.04504774999775509,0.09041750389467887,0.08561483598473431
144.63607261524982,51.87025783452267,10.436669503048824,0.03255673841462649,0.00022730181729063568,0.012772133296807148,0.014465186132815548,0.038316399890421446,0.10157248306759857,0.9295828225626392,0.036330028008805665,0.05800919193573262,0.10992964991945903,0.108990084026417
129.36467943880618,43.12534937743957,6.410733066581486,0.0277233610837113,0.00021618913678403656,0.011120396572825542,0.012272239542560147,0.033361189718476625,0.12210662386479447,1.0680695056800693,0.041168054482956885,0.05949412412309974,0.1161743550752237,0.12350416344887066
149.10788264911992,54.726462860730315,12.393956703978686,0.02659454689544604,0.00018100695813281874,0.008990553305981737,0.010398597036362445,0.026971659917945208,0.09042524126626363,0.8426832762304888,0.028362700985990433,0.04498313398148326,0.09104861557930909,0.0850881029579713
164.82672382546596,53.17318988850884,6.965821248679392,0.02881520478304382,0.00017576675286735193,0.01381500348371919,0.0161321813920565,0.041445010451157574,0.15275005144725445,1.3734813564547408,0.06716213648390383,0.09434072440670728,0.16040553847862174,0.20148640945171148
190.85788180359145,53.34635599656576,10.69353750759206,0.025715715100037097,0.00013540704480967625,0.011905098638357309,0.013810324542217065,0.03571529591507193,0.13609166622183383,1.2765242104799064,0.05505741486782282,0.08264302065010684,0.14372444483165442,0.16517224460346847
282.86225846049473,98.1545640575554,8.00012650163434,0.027741829879088107,0.00010287530697832005,0.01207440171451617,0.013007044112600858,0.036223205143548515,0.18515394710256816,1.5972933330318062,0.08731201692139641,0.15370872161419796,0.1871281336304576,0.26193605076418924
135.8142803566569,36.1931977237381,6.142521147514206,0.022192934814319724,0.0001642826972288509,0.00911851215400808,0.010005183181396761,0.027355536462024238,0.12122264624648593,1.127642440320961,0.05023827836730409,0.061201922539521454,0.11095102239264493,0.15071483510191225
207.9816473380751,147.9411110351452,4.592112736162058,0.027213441670038516,0.0001468393931850642,0.012094548418200643,0.01233397125794856,0.036283645254601926,0.17367867458311184,1.5910854848030846,0.09566157518607558,0.09957684140621759,0.1559914043520508,0.28698472555822674
122.62108382024016,40.48515060798206,8.543044042408345,0.03200291024341773,0.00026226554297323096,0.015744520989428194,0.018409184577735774,0.047233562968284584,0.1573874135589858,1.4256704683597385,0.0708088264713073,0.10188120318878288,0.15891657727664493,0.2124264794139219
179.32045913436917,56.511679756756756,9.815206371269909,0.025692985692933087,0.00014403544887186065,0.01144251947863544,0.013031839732484077,0.03432755843590632,0.12854911571083105,1.2218662524340957,0.05398573298587179,0.07642362806017357,0.13105500190743466,0.16195719895761537
116.16848588194082,37.69781914728444,9.471515502416855,0.020449636160583574,0.0001767465999744778,0.00845777932992718,0.010299349377424874,0.025373337989781537,0.11538229721963938,1.1003921521631321,0.04382915387125879,0.06616102886092173,0.1261475883060783,0.13148746161377636
149.21752020417293,46.160994593179595,8.003750641595179,0.026068962382383747,0.00017556781114288553,0.012523149185817317,0.014087725225409308,0.03756944755745195,0.14825834026647908,1.3451532086985327,0.06659235005272535,0.09089642027093167,0.14092230451691537,0.19977705015817604
139.47756781527238,56.78508067045669,11.301408946422628,0.025598018303687697,0.00018640492098800408,0.008454039230372728,0.011015187799738873,0.025362117691118184,0.11494363853562038,1.032804686862436,0.03915542218443051,0.06050044952273614,0.11502238635742558,0.11746626655329152
216.00453085281427,59.973797389151265,16.32995526857345,0.02066916736661242,9.665208721218783e-05,0.007815180927617762,0.008875970990585878,0.023445542782853285,0.08226233412988328,0.7961070717363896,0.026051663954765936,0.040198975950235936,0.08043818718083141,0.07815499186429781
208.9959608281201,58.17747149190135,10.677242263999583,0.021537450173853553,0.00010356800543474798,0.009292824715579065,0.010550972062139842,0.027878474146737192,0.13023542616198594,1.225546789584327,0.05228800554820985,0.07738620032581994,0.13631432743433355,0.15686401664462957
141.675055294935,67.82895816120028,7.44989818737559,0.033010780458568284,0.00023957100329287972,0.014724502051978084,0.017197729957050795,0.04417350615593425,0.15900723751003218,1.4111256741567788,0.07537563632268524,0.11007562497700615,0.1644271872017666,0.2261269089680557
135.55685702857144,51.59686515559387,12.157705869658114,0.031395111608571356,0.000234564339310202,0.012214166893147667,0.012545899278049562,0.036642500679443,0.09477667495112131,0.8941205837613216,0.030958840499847082,0.047083440907663324,0.09843350557980768,0.09287652149954125
228.63960017185013,71.6798303503896,15.130448931344453,0.023682569442744026,0.0001041191311606211,0.010230398067416395,0.010748651346848841,0.030691194202249188,0.08795829900753259,0.8955880819548795,0.0286307178594996,0.0444231325478785,0.08845419404611866,0.0858921535784988
138.92364670606048,47.80437603957563,10.360020954431816,0.03225396071830724,0.0002343869168497025,0.012520772248381662,0.015067125387459118,0.037562316745144986,0.1067380092404307,0.9751349154798064,0.03649283149994577,0.059403194139295984,0.11863750471294675,0.1094784944998373
306.77417963888115,158.5229450443394,4.022020578570209,0.05034980666452089,0.00018563721059749924,0.02530570953386483,0.027268034966721193,0.0759171286015945,0.20911473208976483,1.740760486921253,0.11605140836514838,0.14279845398266255,0.20273283702168102,0.34815422509544514
227.03130049652304,63.43333243962271,15.260947553241689,0.02032776556007954,9.01073280034052e-05,0.008311725446240422,0.008993175514281864,0.024935176338721266,0.09292231860852407,0.9323922748749175,0.03265696134324271,0.05152690212956007,0.08829217451293804,0.09797088402972813
313.92827400607655,92.10875494735464,8.295613744520374,0.026100416477676115,8.649003216046522e-05,0.010407075959835423,0.011552089018617392,0.03122122787950627,0.18466680228624313,1.623991010428837,0.08091110898109725,0.14888056539392044,0.1984911200193007,0.24273332694329175
129.91979973452953,48.1440256279313,13.658099214172594,0.03178658998530373,0.0002474191952510551,0.012721460181651269,0.012604131049107958,0.03816438054495381,0.09060948119725805,0.8540087179098244,0.02936727782526808,0.04415625980353674,0.0921450981210635,0.08810183347580425
204.8715147729045,151.06328566020244,4.681014261009928,0.02888087466669858,0.00016424393428058335,0.011022864882073005,0.012860771210121344,0.033068594646219016,0.1731252340173357,1.570919323912257,0.09795144002118311,0.09958525121605807,0.1456668589186459,0.29385432006354933
253.1255883189855,66.32461233430148,15.403686149759803,0.02063577036273059,8.202050406846777e-05,0.008512303899297908,0.0089878450160582,0.025536911697893724,0.08473407465997544,0.859815005872735,0.026661261150290355,0.041070326061608,0.08479392330554564,0.07998378345087107
153.80949261050193,56.402325125765614,9.879087913647442,0.03070803194345098,0.0002014753011969748,0.01195531699904144,0.014419686450672885,0.03586595099712432,0.1062129091809251,0.9630519259747388,0.038376209180740396,0.05987406706360101,0.11108500536448954,0.1151286275422212
135.50781475870858,42.55102838652126,11.70957872338854,0.029045784304364077,0.0002159629260392944,0.010860580400424202,0.012278350864349804,0.03258174120127261,0.0963915432933112,0.8960193217179458,0.03020070787403613,0.04806758370050067,0.09855371421627258,0.09060212362210839
133.853593227017,66.24886606588831,9.563426750658095,0.031185374343494006,0.0002392746407605499,0.01371527084821714,0.014927957046472113,0.041145812544651425,0.14443516561424607,1.3165188412150886,0.06544639586018083,0.09227193401703998,0.14657696234691725,0.1963391875805425
122.25463127678452,61.74209912729444,8.683769496762297,0.03391141284274935,0.0002874312234861329,0.01584703067954492,0.016595672478746323,0.047541092038634755,0.17529093312451327,1.5204618188900756,0.09153580129229114,0.10780557527946888,0.15538899695751598,0.27460740387687343
132.50054011451064,61.56691923713336,12.156001873204529,0.03678238182052058,0.0002841135354949708,0.014199007838975168,0.015469756571598983,0.04259702351692551,0.09737471895355794,0.9240217523384275,0.03161229973499076,0.04845496538010666,0.10079329241983896,0.09483689920497228
249.46787096629416,85.10041335745036,11.891111266010094,0.030011187002935112,0.00012285923164763313,0.014218347741598563,0.012841644284733571,0.042655043224795686,0.15020036311674245,1.3798266067678682,0.06726979104135875,0.09944978035734553,0.16818191766279844,0.20180937312407624
146.76405820236914,57.333606328972145,12.804701887789758,0.02737737262783686,0.0001888156210037576,0.010150063351912894,0.011024062362403716,0.03045019005573868,0.09222026984487008,0.8671703783913762,0.029813194415433338,0.047265948704991415,0.09302530287101447,0.08943958324630001
157.66328543696747,61.47713764588365,9.551957291820559,0.02835458038648279,0.0001821995321380703,0.013561866468983589,0.014922402066221236,0.04068559940695077,0.14466752952655226,1.307863121584855,0.061137071622765354,0.0849211266052541,0.1446463487703254,0.18341121486829606
162.4739676627732,56.530894056439536,9.00955784529192,0.02621813314207752,0.00016244878213510323,0.011866461592420928,0.01352004914675106,0.03559938477726279,0.13972475509520257,1.2734567848440959,0.05812524198682578,0.0814562995244417,0.1371889085902763,0.17437572596047735
156.0335034290728,55.83230856864993,8.894370650110725,0.027220024475672483,0.0001758336915546691,0.012740328657658817,0.014210317225864954,0.03822098597297645,0.14765127236033057,1.2902423534554988,0.06390903446931956,0.0850201287696303,0.13124296838574823,0.19172710340795868
215.16033793548016,138.05782159893042,3.314338717130236,0.025574880798210676,0.00013063249762723298,0.011404687343250276,0.012224272971731743,0.03421406202975083,0.1735950876434395,1.4953236399480845,0.09457604467436191,0.10241635976492977,0.14673365242097225,0.2837281340230857
128.87659039145194,47.00096795805323,12.277491162363129,0.029855633227151342,0.00023420359013167616,0.011008279245838123,0.012627947386703548,0.03302483773751437,0.09879783451293239,0.9311470083340223,0.030765082873119347,0.04956179271053342,0.10433604713847675,0.09229524861935803
175.26682237867865,135.20565111314457,5.690429066622424,0.02741408527611272,0.00018267419044617532,0.011360490670988918,0.012772611302283104,0.034081472012966754,0.1716966556247129,1.5358659131230574,0.09702788449360791,0.09560039445505317,0.13974762263786586,0.29108365348082377
114.53825514921357,39.8487590754752,11.276961153585175,0.02893575973542684,0.00025473071285905173,0.010756309802659795,0.013367884220272222,0.03226892940797939,0.11405854722147496,1.0776908359834703,0.04344814613422173,0.06585911407245948,0.11564358055082419,0.13034443840266519
121.87681563186449,44.52188993624359,13.466258137001198,0.035917479771159944,0.00029834608289094265,0.014966076100509115,0.015170697287394086,0.04489822830152734,0.09613550222802367,0.8640632459465521,0.033890868412546245,0.050721315364385164,0.09000353990025095,0.10167260523763874
197.5141654833178,134.80939026949616,6.260830817273296,0.03632420156955901,0.00020578614825434905,0.01676720452001556,0.018290156197304674,0.05030161356004668,0.16390140105336276,1.4307646868252024,0.07349846133731905,0.08585925118594755,0.12294016414056519,0.22049538401195715
172.49396662022008,49.44613810258218,9.285990355353045,0.0257799649412619,0.00015034524862672267,0.011535648481739779,0.01327227979431059,0.034606945445219334,0.13019280453534524,1.2337071499427374,0.05346257354339595,0.07797787251000587,0.13647566030197505,0.16038772063018786
153.59303622605256,44.29896975629293,9.268016692080575,0.02398024794339405,0.00015667389895772572,0.010483426073625877,0.012722213848198131,0.031450278220877634,0.134692911230221,1.2387368419827027,0.051628979396140244,0.07924611313865881,0.14027810172331168,0.15488693818842073
125.8234810321508,53.65484835611209,10.742323754357352,0.023075896691016166,0.00018497487192644226,0.010090258808789103,0.011707363593212271,0.03027077642636731,0.1366179312728334,1.2419285216211036,0.05447941410845836,0.08171195156662607,0.14486031951960038,0.16343824232537507
244.30068014430668,72.54525917332488,9.742826259098004,0.02290369556924968,9.544656630132824e-05,0.010170018315316073,0.011488400992355059,0.030510054945948217,0.163837500008355,1.5204378450772427,0.07434343097373732,0.13010506269068461,0.15440444674339524,0.22303029292121196
155.5451710399319,47.83143198068441,8.552196272888908,0.02701352280901797,0.00017431620060641287,0.012669450335348201,0.01433869886585995,0.038008351006044605,0.14641701856911404,1.3373706113919954,0.0619994826939283,0.08756531851167627,0.1479302717848562,0.1859984480817849
138.0023212291418,50.843661858613366,12.180549690046972,0.029198272276111877,0.00021433636868699413,0.010298596397418007,0.011997591784153832,0.030895789192254018,0.10000174290961657,0.9517224095946192,0.03127457534639275,0.05051623963410412,0.10909678946728694,0.09382372603917824
132.54814610064656,49.50615618180368,12.035094236281703,0.03100286705680114,0.00023666233041901906,0.01163175569709564,0.013369016254833933,0.03489526709128692,0.09345748918007217,0.9013918852972206,0.029506417823792645,0.04764609985220187,0.100988806449181,0.08851925347137793
140.46053241088822,39.192449715200226,7.392625480823933,0.023265452107135237,0.00016654695321101056,0.009578152913724934,0.010644815485618396,0.0287344587411748,0.10764399168571329,0.9892880919925485,0.038678310697195774,0.05443442275452223,0.09642382300206487,0.11603493209158733
197.98374215845857,63.30746004547657,12.10907010857411,0.02287552093656945,0.00011593024158007646,0.009136225161697865,0.009100361177182192,0.027408675485093594,0.09391574475967665,0.9078512351478827,0.028474404282576495,0.042307770042811804,0.08750879446441498,0.08542321284772948
238.3673162273529,60.472834626298656,16.609113893012267,0.020822004464305703,8.800207235687615e-05,0.008516066719500663,0.009278132289651339,0.02554820015850199,0.0804139449869453,0.8175469198813339,0.02480774546120982,0.03892695291747805,0.08102550279249934,0.07442323638362947
195.70822695068549,126.156318657068,3.6171655764429524,0.023789749753381786,0.0001333059221350479,0.010478820057401998,0.011296474970166016,0.03143646017220599,0.18325163901980998,1.5528398403107901,0.09910590162953255,0.09846203726493762,0.12706818095431113,0.29731770488859766
127.45347716575895,43.95080165615304,10.1845703443679,0.0284459771370533,0.0002248366325673855,0.012269101579412111,0.013968211415033956,0.03680730473823633,0.1364412821512226,1.2492340205059966,0.05907998624444608,0.08488551232701622,0.1355402808902171,0.17723995873333825
115.08905075564677,27.544679121291786,12.195545234282601,0.03410387909972705,0.00029690457846480065,0.014769274216626896,0.01659237718838631,0.04430782264988069,0.1169613570582425,1.1008575920838615,0.04684206588419847,0.0676229256158926,0.11560508167401037,0.14052619765259539
171.0608157756426,66.54088591673302,8.100505319808939,0.027248470253561367,0.0001605828587579012,0.012897522323417334,0.015026524084539989,0.038692566970252,0.14690748130798725,1.3285615089027198,0.06294123971672137,0.08788824654377318,0.14044022973876272,0.1888237191501641
184.4832347855959,58.0637204493404,9.613172062978979,0.026760069213627283,0.00014592875347728464,0.013077707059471253,0.014157155559348527,0.03923312117841376,0.14992145082432795,1.3284637443748688,0.0660910179580588,0.08614988269869626,0.14009917198773686,0.1982730538741764
207.53604569788195,129.05529509112057,3.8268599435103785,0.025694154924313116,0.00013352554545478112,0.011479239364235493,0.01202913058852019,0.03443771809270648,0.18863010731117752,1.552596696485831,0.10265974885395604,0.11423571698710445,0.1456555171372811,0.30797924656186815
111.14620920514596,44.62052156509333,8.688523501604275,0.024536965460365334,0.0002223048635998596,0.01039231482117679,0.012722142032894608,0.03117694446353037,0.12846127210708114,1.1914596038810252,0.049772434910079454,0.07504069384386458,0.13846027519518134,0.14931730473023835
118.72058605423636,37.42711674169206,12.435973040084166,0.033135243972956245,0.00028119836049832154,0.013402940679560224,0.01352290404868172,0.040208822038680675,0.09019781584163311,0.8413516737516469,0.030629579821187834,0.04634062331161934,0.09476300000341861,0.0918887394635635
157.40838609782134,50.034317335418955,10.761276710517686,0.027424032506230853,0.00017589688649685613,0.010278977843203,0.012521775232384218,0.030836933529609,0.10382943461622457,0.9272153171669234,0.037345707614810514,0.059288174920603655,0.10863861945554402,0.11203712284443154
145.12121747320967,48.976833963105285,11.338234658309293,0.022490408741062617,0.00015585727078283474,0.009981415037661884,0.011909389421140589,0.029944245112985653,0.13451510232823485,1.2454110032236854,0.051799163143552526,0.07971064322268996,0.14337811716792456,0.15539748943065756
239.55694240635978,64.53282524676759,14.48085218061706,0.022599350298534993,9.498969018724017e-05,0.009292290755086549,0.010304698957753275,0.027876872265259645,0.09715766889533764,0.9543979820773033,0.03374148543209213,0.050729086131629846,0.09670408444006773,0.10122445629627638
132.0521559275028,47.56386202735313,11.7383370635481,0.030121626348495457,0.00023051475617377406,0.01115996391103692,0.012542448764344492,0.03347989173311076,0.0910220828686553,0.8679934570981218,0.02908125484668465,0.04589225070434652,0.09795944935720287,0.08724376454005395
233.39387777528773,60.91443417025069,15.068053737068338,0.017828939996352124,7.666349798129819e-05,0.006684771944378279,0.007166108004188341,0.020054315833134835,0.08284414400962889,0.7897822561019929,0.02571833273118344,0.04096548223814666,0.08330566098015917,0.07715499819355032
135.87017027102007,44.30477107802454,9.431293287540973,0.023573295667398735,0.00017406248302955185,0.009954293716907437,0.011971796835106248,0.02986288115072231,0.12681475617472532,1.1711210251194357,0.04956830245595315,0.07351405350276721,0.1351752665498147,0.14870490736785946
144.74885305150175,47.07538522545415,15.256655290118104,0.02292515163675018,0.00015984096498374402,0.007586453015456189,0.009352544552696887,0.02275935904636857,0.10250499012054506,0.9404459721846221,0.03338222547003003,0.05098723016734738,0.09308764079348711,0.10014667641009009
157.86502039835867,53.341398817192875,8.418543576025938,0.02537054342093649,0.0001614700771841389,0.011911561239105915,0.013344004681928649,0.03573468371731774,0.14622513926041644,1.3517327288867216,0.060599745621609316,0.08611520465861806,0.1490121227966047,0.18179923686482796
256.1597077428969,86.83538300115043,12.550197415422646,0.028736266547753856,0.00011385078301096346,0.013565374555831924,0.012466887329612524,0.04069612366749577,0.14291741266644897,1.3428526941756052,0.06340120885076259,0.09196029486518877,0.1555092060791485,0.19020362655228776
109.19526082500278,25.952570975148415,12.0532654448983,0.03265465886061064,0.00029987635407927607,0.013546202633675309,0.01535803469593281,0.04063860790102593,0.12394621328387614,1.1432855289165444,0.049693460540551904,0.07222852951220185,0.12403754955643127,0.1490803816216557
134.6167115286035,38.70690538156349,10.730626488685603,0.018398954937355293,0.0001369871309338082,0.007974813441949129,0.009591803511185359,0.02392444032584739,0.12183243762009417,1.1624975121302445,0.04674583698717072,0.07098303256427112,0.12861842404490884,0.14023751096151216
177.6944935422771,99.35780602695529,3.942794036694746,0.02017247082139271,0.00011965180048014289,0.008696844507894277,0.010025181318250724,0.026090533523682832,0.18365626440825147,1.5696272278090804,0.1029631617581769,0.11227998614635755,0.14987198517753283,0.3088894852745307
