speaker,start,duration,meanF0,stdevF0,hnr,localJitter,localabsoluteJitter,rapJitter,ppq5Jitter,ddpJitter,localShimmer,localdbShimmer,apq3Shimmer,apq5Shimmer,apq11Shimmer,ddaShimmer
911Mothers,275.9475806451613,5.5466129032258085,187.8597605591598,34.56698757126465,10.84293751413695,0.023090642687035767,0.00012506457975185547,0.01126684330102991,0.0121172845823509,0.03380052990308983,0.11270850780635813,1.1355217128810215,0.05266668551757578,0.07081193841890103,0.11188843488810438,0.15800005655272745
AJJacobs,397.6642767295598,5.927515723270439,169.31983031906185,33.4558483251617,9.955003208966115,0.01730575508419501,0.00010365562916307554,0.0063647678477659515,0.007201305547879482,0.019094303543297962,0.10330460224313678,1.0156546669756128,0.04367565387669819,0.057097378439472414,0.09560529814394514,0.13102696163009467
AalaElKhani,423.06710144927536,5.702608695652178,245.2132609352854,39.66402576764628,12.352520073882966,0.02328941589605564,9.596668769396462e-05,0.011072065790604822,0.012873128124009503,0.03321619737181457,0.1123484500025823,1.133508454183881,0.04873774012292857,0.07068701015888938,0.11643307971380276,0.1462132203687858
AaronHuey,463.8288489208633,5.7208633093525165,140.59352579807327,18.163222162793936,8.146350123911128,0.02336862967023041,0.0001672855896143422,0.009959928375584534,0.012340075851062648,0.029879785126753704,0.12222449965805339,1.1428886198459385,0.05243413414974943,0.07236497732698562,0.12003503024759916,0.15730240244924837
AaronKoblin,461.55552,6.66664,143.11674768289396,23.71648024977791,9.812598635035469,0.025559754779175877,0.0001798082071440728,0.011431656560507139,0.014258397669544443,0.03429496968152151,0.12313028497549798,1.1644206420591556,0.054855277806255806,0.07794230951881916,0.12480902029981437,0.16456583341876752
AaronOConnell,229.01314285714287,6.123428571428574,121.59208438991472,29.917809616332274,7.849261487136395,0.027936845530827596,0.0002334050454412323,0.011896278259074836,0.014745844245210424,0.035688834777224614,0.12412233678817386,1.1607997509465318,0.058036759802054014,0.08058714739328073,0.1211577647042937,0.1741102794061621
AbeDavis,542.7823225806451,5.4192903225806495,207.59340010799335,58.70497966146925,8.301463790079199,0.027537401092277973,0.00013408968140587833,0.011743782727770597,0.013627855354737005,0.03523134818331188,0.12194377608635924,1.173727966145649,0.0549452492202621,0.07578455876381035,0.11974583795042071,0.1648357476607864
AbhaDawesar,351.52205607476634,6.212429906542059,254.45199625473663,44.82959307043429,14.896684430690378,0.01580170217684115,6.293618466887859e-05,0.006300947282758182,0.0071207819983304475,0.018902841848274638,0.09208360133192645,0.9021665730533203,0.03415751722836687,0.04913338869681272,0.08881212572315293,0.10247255168510074
AbigailMarsh,369.3560975609756,5.656829268292685,234.63557533970402,51.881881287734764,10.16956596846382,0.02457457992465847,0.00010590509235282013,0.011556305556693881,0.013101336336423826,0.034668916670081755,0.11603428413422648,1.1614661875241903,0.05291893518438058,0.07221006726617972,0.11306898065245406,0.15875680555314187
AbigailWashburn,194.90134615384616,5.266923076923076,195.03956431947367,40.74949774641909,13.76914748279641,0.01792242692287314,9.374023419629243e-05,0.0076364324847481195,0.008022944859011739,0.022909297454244453,0.0717605918955522,0.7165499255751357,0.029289870995712043,0.03913589038028423,0.061335995961841014,0.08786961298713626
AbrahamVerghese,559.8165189873417,6.515632911392403,140.23265171597376,25.596978339638007,8.798093654489318,0.022766072064340545,0.00016410047660021755,0.008879569475222457,0.01101878664744496,0.02663870842566747,0.11656596319243055,1.1111473793049191,0.048697175825308046,0.0687977557845115,0.1181803712365487,0.14609152747592424
AchenyoIdachaba,221.22807692307694,6.950576923076925,194.6795935349663,52.72301905879992,10.355119225718564,0.024647748052868602,0.00012781365087463205,0.011025645005610981,0.012331239456842277,0.03307693501683306,0.10875431871236299,1.0917983816697525,0.04814142797299814,0.06573346895286873,0.10468406598232122,0.14442428391899453
AdamDavidson,590.6574305555555,7.453680555555554,157.62695962851166,40.116704029512334,9.049460982486236,0.02411282178260872,0.00015529880327813366,0.009638656017203259,0.011201649149140165,0.028915968051609873,0.12664577580711914,1.1784181792765898,0.05771438436120085,0.07701554197629516,0.12134600156071475,0.17314315308360262
AdamDriver,517.2128873239436,6.12007042253521,161.08725957827963,31.122722114286557,10.302462132946678,0.026198596449900854,0.00016852805294339168,0.010812120367794095,0.01297507209791885,0.0324363611033824,0.11734068591660025,1.1422331171837417,0.04834935021359499,0.06935177234887803,0.12045901218140877,0.14504805064078508
AdamFoss,472.39187919463086,5.59798657718121,134.04033162723306,33.13996783260594,7.87338646926748,0.023976453818518123,0.0001830092694313934,0.009439653254306433,0.01199368569353508,0.028318959762919402,0.11551935750542394,1.1184107494282751,0.04849897610942065,0.06963295535856225,0.11607505407311684,0.14549692832826205
AdamGalinsky,445.8264393939394,6.2421969696969715,219.2572337676272,49.16417360610735,12.192487254660097,0.02225000406997288,0.00010451508608232551,0.008862361220911417,0.009864423967859443,0.026587083662734344,0.09976682913895393,0.9779630037235871,0.041166183976628246,0.05584899903318471,0.09225371604773114,0.12349855192988483
AdamGarone,482.3175539568345,5.992949640287771,138.03045130695068,27.054914882718414,9.085672170296407,0.02277134697071805,0.00016730607977185052,0.008192668678438084,0.010648583093721199,0.02457800603531436,0.13095774593826986,1.206893646783499,0.05641022739147732,0.07966219537379376,0.1382519010655369,0.16923068217443205
AdamGrant,432.5340601503759,5.781466165413533,206.3792006271166,53.47969781188805,9.992539184048539,0.025064896106974776,0.0001257491943992868,0.010267719270703123,0.012051013216399826,0.030803157812109478,0.1182338016187979,1.134061963750514,0.04973176980797425,0.07006405123327192,0.11739137645316372,0.14919530942392287
AdamGrosser,128.20260869565217,6.273043478260871,124.06404377009417,28.771022955510702,8.73478400993506,0.027316622393927154,0.00022423089141649564,0.011578255659868888,0.013893437095279442,0.034734766979606764,0.12140115325822703,1.134377242513589,0.05174386711416847,0.0743448702521437,0.11956174458287563,0.15523160134250552
AdamOckelford,372.48404494382027,5.990224719101128,119.94416701048007,30.43381751213135,7.314487001924691,0.026988348691358303,0.00023181249565190737,0.012003569499358142,0.013671301113652973,0.036010708498074535,0.14305531064958507,1.3152426953796585,0.0655324831837172,0.09103094414926641,0.1538388725232217,0.19659744955115166
AdamOstrow,152.3615909090909,6.293181818181821,145.32160267426443,29.704270888082966,10.508386712118464,0.023047668641151996,0.00015945439946457273,0.009101111631444534,0.01081030630831916,0.0273033348943337,0.11295470804671433,1.051965263238594,0.04556150079928811,0.06532822416273196,0.11196909646090375,0.13668450239786448
AdamSadowsky,212.95963636363638,6.268727272727277,144.5513166049792,38.1147284464764,6.8514850028305,0.026570903243540646,0.00018697184741025432,0.01138517123264489,0.014444534275797293,0.03415551369793477,0.12453331272184068,1.1660661166604505,0.05787057592565894,0.07628965485415597,0.11396162754809229,0.17361172777697695
AdamSavage,413.9847826086957,7.277777777777781,165.38463082274745,38.973619400374105,10.55557410068903,0.028307536128296108,0.00017538281428149054,0.011521236698458708,0.014230416314256776,0.03456371009537622,0.11554483508067473,1.1146528351508933,0.04977106116622044,0.0701665207606841,0.11306580475744449,0.1493131834986614
AdamSpencer,539.8038666666666,5.651866666666666,170.70798104946044,37.94941290918199,11.019254996889417,0.021382991881153543,0.00012916782505478897,0.007781834837989714,0.00942481064125999,0.02334550451396925,0.10116226612793651,0.9978598188900754,0.037588144262948216,0.054768320380073544,0.10024615679393856,0.11276443278884474
AdamdelaZerda,384.279430894309,5.9106504065040655,111.24307681542007,23.063093648213613,8.762343496618943,0.03168451376871512,0.00028774163131939265,0.012119970877591061,0.01434759019561647,0.036359912632773286,0.13379032749013117,1.2419160020935733,0.052134057653736125,0.0779982803931277,0.13913894784909922,0.15640217296120848
AditiGupta,324.4428571428572,5.848265306122448,213.56130392645886,38.03223974485577,12.603975788356413,0.021102831510017555,0.00010204201641812616,0.009682954472658826,0.011510313383367232,0.029048863417976575,0.11051141409632934,1.1055792813986036,0.0457901197861043,0.06447185640945459,0.10859136654208387,0.13737035935831296
AditiShankardass,217.3759375,6.270625000000001,218.49584456156845,36.46026210383216,8.963301305173603,0.016408588208660316,7.578215650616643e-05,0.007238247252942755,0.007772573432659964,0.02171474175882835,0.10833276827847398,1.0583193952855048,0.04780600686884511,0.06245071472282205,0.09759624301404084,0.14341802060653544
AdoraSvitak,235.83380952380952,6.781587301587301,266.9476125833848,55.875766326916526,11.633606661298012,0.016554831768480497,6.29531680261674e-05,0.006788760341526938,0.007637126067058786,0.020366281024580907,0.08754644837132558,0.8710395328220694,0.03760791737329674,0.05062305730091085,0.08266141917884322,0.1128237521198903
AfraRaymond,534.6440983606557,5.324972677595632,112.29101141478391,22.749399520630913,8.490856803713893,0.03570775161956326,0.00032914332191772024,0.014487504614000947,0.01814989535704836,0.04346251384200294,0.15136467480089436,1.324011432951602,0.05833653500400184,0.08259096191527779,0.13507742540188902,0.17500960501200563
AimeeMullins,465.3629864253394,5.498642533936651,213.4686364502112,39.64377826603619,10.252618337958275,0.019707933719598707,9.370168609490839e-05,0.009067989901642568,0.009862441406238452,0.0272039697049278,0.1202251905931949,1.1552347177208255,0.05315956692527138,0.07308275780050293,0.11557916920234583,0.15947870077581425
AjitNarayanan,464.0325185185185,5.978074074074073,204.95393898444178,58.638620682333254,10.962914207008321,0.026364800816425116,0.00013270240723566243,0.010516425034626976,0.012770781040827388,0.03154927510388104,0.12535312344909655,1.1871460292959009,0.05069125835845855,0.07282807740003013,0.12858025015481708,0.15207377507537576
AlGore,717.3834574468085,6.113102836879436,152.56154887476092,34.03677454294296,9.046456018903653,0.02478969573003776,0.00017107744176428873,0.009850371153098853,0.01162767747107626,0.02955111345929666,0.10580682753179223,1.0288276128698346,0.04620005083173598,0.06262477372659375,0.10192438856374467,0.13860015249520802
AlSeckel,367.9752222222222,5.262555555555558,154.7546391011109,34.7072205869874,10.397254845101632,0.025796091504099703,0.00017449020467912306,0.010397990401938863,0.012481683513996863,0.031193971205816705,0.10594522875827163,1.0413267754899174,0.04542763142722601,0.06512943199558051,0.10967920155456051,0.1362828942816781
AlVernacchio,245.914,6.238533333333336,171.2457116174366,44.78126979579708,11.593422262033632,0.02441187732613846,0.0001474370569690199,0.008978851942616103,0.010590494994751638,0.026936555827848412,0.11565808575624385,1.0868178482879003,0.047549198734925635,0.06649909470035231,0.10789930443255201,0.14264759620477702
AlaaMurabit,382.47842592592593,5.918703703703709,226.73524861567597,50.872970765940984,10.42765441786898,0.022157987163760953,0.00010018274415887171,0.009623985644204325,0.01074688421858786,0.02887195693261308,0.09373967399503504,0.9580989600379729,0.04056490412627546,0.055882389284250926,0.08853837308579841,0.1216947123788265
AlaindeBotton,543.3067803030302,7.226515151515156,144.93992102782397,40.05552597985636,8.283284656976166,0.02952320911510671,0.0002075662825115256,0.011534210486766828,0.013939121313548077,0.034602631460300584,0.12566528161955398,1.1759608872015548,0.05437771677907363,0.07579740838058537,0.12165417774367263,0.163133150337221
AlanEustace,421.4696551724138,5.809568965517239,159.507724176938,29.336554236154907,10.264298553608835,0.02208034372408053,0.00014103240336389114,0.009451372082435738,0.011271327556841383,0.02835411624730732,0.10233026399158937,1.0273421137823042,0.0453466506961214,0.06222684019167521,0.0986573334108671,0.13603995208836428
AlanKay,557.0774316939891,5.322295081967213,155.36221085532912,24.222880233754847,9.67396741975027,0.021241736178741935,0.00013841444149289122,0.009309711297249387,0.011224294160701403,0.027929133891748257,0.1152201134263235,1.1031668956569243,0.051581674922906225,0.07303099649457283,0.11413216948640574,0.1547450247687188
AlanRussell,559.5548299319728,6.9405442176870755,127.58022412279729,28.297766333340707,9.255391383758589,0.025869416810705894,0.00020625833260052315,0.010653972421542588,0.013150157731944957,0.031961917264627854,0.11602971351143028,1.0993429648708295,0.051384051861495764,0.07156531161508478,0.11439923301147129,0.15415215558448742
AlanSiegel,118.96999999999998,7.08709677419355,116.68762203483634,17.102877002135422,11.773491962187967,0.02574224620366988,0.0002233349536353613,0.010456993643941393,0.013673818604873881,0.031370980931824256,0.09546257794022263,0.9674228860733567,0.040107071416167796,0.05785426799648995,0.09857445653743156,0.12032121424850348
AlanSmith,388.12145161290323,5.774435483870966,150.63481713714177,36.388037917869426,10.167925930542536,0.026982823857535813,0.00018262155160786905,0.010575173325691774,0.012915628902834018,0.03172551997707543,0.12000379188558166,1.1562390331373793,0.04823706564433954,0.07007852048238357,0.1182530734004092,0.1447111969330187
AlannaShaikh,184.46112903225807,5.243548387096773,175.47495962180432,36.07770736618803,9.698777780733296,0.026110363903356023,0.0001517913898744907,0.010932428580063913,0.012744540657591145,0.03279728574019184,0.09323154673631606,0.9338379291263833,0.039405482937735624,0.05371316592419678,0.08512809644974761,0.11821644881320695
AlastairParvin,364.810796460177,6.023274336283188,135.05466944429958,31.254947449362486,9.621876879946011,0.02522038156113168,0.0001900122517260531,0.008961509194214025,0.011273484929584146,0.026884527582642165,0.11670565084736456,1.098385613693978,0.0456151804585938,0.06477219124899232,0.11573371848598908,0.13684554137578148
AlbertoCairo,570.337300613497,5.330490797546006,170.105973626393,32.89907016150874,9.982246816740878,0.02852568563426407,0.00017179001866825266,0.012711799643028423,0.013874775727349806,0.038135398929085365,0.0989586630106495,0.9921151145581263,0.04170452470828835,0.05604046476271124,0.09214475036204138,0.12511357412486515
AlecSoth,319.53261363636364,5.946931818181823,168.7937655750089,39.22260281525205,9.988520413976552,0.024814357581266887,0.00015670349137688645,0.011132147672480629,0.012914291851601105,0.03339644301744198,0.11482800882673935,1.1464095980018407,0.04959080088585061,0.06936850904059011,0.11304344108206738,0.14877240265755196
AlejandroAlvarado,367.67058823529413,5.97453781512605,193.93353106772264,40.19721133715134,12.728940557659255,0.022563908522777027,0.00011814857868040365,0.009016571530335603,0.010370415293244542,0.027049714591006902,0.0955740902737399,0.9783213217887881,0.03757001388489678,0.05206825052493187,0.08936142637633228,0.11271004165469045
AlejandroAravena,453.4467441860465,6.206356589147288,184.74618861883104,41.47487535869424,10.745177399726867,0.028071589178267582,0.0001556855849296683,0.012004316275125024,0.01450800791267444,0.03601294882537516,0.09118128988876417,0.9703963297823885,0.041454020022703965,0.057319595514246334,0.08821106056706864,0.12436206006811198
AlessandraOrofino,446.8871653543307,6.52543307086614,289.46680897053335,55.19109386343098,15.636136761767979,0.018156224522589866,6.361610356814798e-05,0.008201658674109704,0.009270493389201637,0.02460497602232922,0.07281439385410646,0.7851767595890174,0.031084759040822595,0.04201556156619944,0.06785897112758967,0.09325427712246788
AlessandroAcquisti,470.9394166666667,6.732416666666668,135.573806587179,34.08131617532868,10.063000491627072,0.027513363107792992,0.00020620534022867644,0.008822936379976519,0.011630013883102912,0.026468809139929658,0.10764286923633594,1.013152140796979,0.043138082160182584,0.060575227406242646,0.10431773371849298,0.12941424648054783
AlexKipman,528.6112222222223,5.348444444444445,164.98207262535848,47.555070923261944,7.919353319839711,0.0283296875618911,0.00017738398050358892,0.01216958166527156,0.01436470547463445,0.03650874499581479,0.12136482287598158,1.1877496758158324,0.05381178180319089,0.07422970964599157,0.12223532145356918,0.16143534540957277
AlexLaskey,242.5415277777778,6.16263888888889,153.79164939184685,35.22754460030117,9.103790262764386,0.021775731029160986,0.0001432220844439125,0.008509796740140787,0.010491810101157998,0.025529390220422457,0.11047102132622734,1.063349426740543,0.045106657247988735,0.06461072238120992,0.1142079968770979,0.13531997174396632
AlexSteffen,453.16169014084505,7.125868544600943,135.59758336589599,32.25603022455447,9.680986277154572,0.02691483986760913,0.00020241981262263895,0.009299395924662,0.012448744816947336,0.027898187773986092,0.11310404357841983,1.0714052330364985,0.04625889441703185,0.06505310200705325,0.107069574747082,0.13877668325109566
AlexTabarrok,407.7419834710744,6.238181818181818,161.79243323900957,33.928032358704456,12.39576933034313,0.023116592319640417,0.00014571240112839427,0.009723306803424883,0.011669506117973068,0.02916992041027474,0.09423089499800048,0.9488866470087767,0.03970834616382012,0.05696205808659193,0.0946821426473189,0.11912503849146049
AlexWissnerGross,341.43865979381445,6.524742268041239,135.60543817774362,33.344083321645805,8.945389488143746,0.028812819410861508,0.00021752321130058351,0.010017225438621796,0.012984108679792267,0.03005167631586548,0.12164491927922962,1.120200995621179,0.050680657682428895,0.06946808811105804,0.11312049326379757,0.15204197304728678
AlexaMeade,205.79984375,5.928749999999999,213.3030706562486,44.72482180412006,11.932902564535608,0.020103221847721304,9.512427720001533e-05,0.008733660395659794,0.009218513441835666,0.026200981186979482,0.10805938142666002,1.0247272222970647,0.044514756779490156,0.060103195732459584,0.09871589744480609,0.13354427033847055
AlexanderBetts,517.8228052805281,6.4383828382838315,161.68916626731615,43.281898898462174,9.10551657048531,0.026632118003654434,0.0001671646144621148,0.010334528298381948,0.01266674376867559,0.031003584895145934,0.11986045517839188,1.1466051073126562,0.04978765990385679,0.0710521746596046,0.11736017435625799,0.1493629797115705
AlexanderTsiaras,294.92382978723407,10.996382978723403,122.41460600531059,32.79779042542085,7.898691750524877,0.025957605170996774,0.00021390541132587445,0.010764000421049334,0.013770303923235,0.0322920012631481,0.13549340748132588,1.243543597634592,0.06149598832627597,0.0821574646124184,0.12891148869782823,0.18448796497882802
AlexisOhanian,128.31724137931033,7.493103448275861,130.38565100930833,29.711335314187057,7.227439394999795,0.02586644136066375,0.00020038720429267585,0.009955548559074618,0.012478151416909476,0.029866645677223982,0.14194835577577758,1.3112652332782238,0.05824772254584634,0.083028617527997,0.1519522115785206,0.17474316763753914
AliCarrChellman,374.13982608695653,6.202521739130439,252.42619451032755,51.36359826080234,14.488729105709737,0.02024814913996686,8.171712851094039e-05,0.008547310294005874,0.00909022781830499,0.025641930882017733,0.07771544647731508,0.7695563086712641,0.03390939550095199,0.043780179420952324,0.06722618757938231,0.10172818650285607
AliceBowsLarkin,415.5837903225806,6.492580645161288,258.3942325680604,48.96201777830535,12.76781026484445,0.021432656396889422,8.463638562508497e-05,0.008966871394384039,0.010456650523674739,0.02690061418315223,0.08826933817714175,0.9193883095630957,0.03668648388935043,0.0515394096394411,0.08489978920261375,0.11005945166805141
AliceDreger,555.3955844155844,6.877922077922077,253.28649869784869,59.31282465194582,11.890630969549832,0.02476208662206416,9.888506341395995e-05,0.011381729249131453,0.01346121347207782,0.03414518774739446,0.12403863599305648,1.1888007955935993,0.055800431536253886,0.08021130624757092,0.12536796662886202,0.16740129460876177
AliceGoffman,488.96253731343285,6.436865671641793,241.65010897662376,44.372524352561335,11.827300483144043,0.023136602316941268,9.657449503612364e-05,0.00989534322988679,0.011907739815125079,0.029686029689660477,0.10636711640193025,1.0520515177266994,0.04444055579224489,0.06233932265449452,0.1032347924107449,0.1333216673767348
AliceRawsthorn,335.8915189873418,8.316962025316457,200.601361331356,44.395607887377196,11.940439400011574,0.02065796997600846,0.00010371888314007793,0.008692857513218981,0.010507336407671656,0.026078572539657046,0.0961356753262701,0.9663980601989849,0.04170880545652272,0.05715909690199114,0.08915325572746993,0.12512641636956826
AliciaGarzaandPatrisseCullorsandOpalTometi,472.9077857142857,6.151857142857146,191.45234540824913,43.351467133552624,11.005668689823075,0.024193297645178757,0.00013043958277091764,0.010430082465049301,0.011737753317508778,0.031290247395148005,0.09968376058534936,0.977427999338096,0.04087861341668326,0.05571444363776912,0.09025805819288339,0.12263584025004987
AlisaMiller,122.99558823529412,5.291176470588235,264.38640075027274,52.79658531306126,12.151088484645653,0.018077615846028936,6.964848260527026e-05,0.00818925346873899,0.008999119364683996,0.024567760406217058,0.0807513340302622,0.8313273162001915,0.03558597468518648,0.047950285414875386,0.07309244935241764,0.10675792405555955
AlisonGopnik,508.90188976377954,7.1641732283464545,255.82405543063703,67.99478150690014,10.206349947911226,0.025249179333377194,0.00010026620924776432,0.011429230964241678,0.012792163259263144,0.034287692892725145,0.11286098237261571,1.1231835085746484,0.05143707554668496,0.07057525718397864,0.10889890412548123,0.15431122664005498
AlisonJackson,480.79954248366016,5.765424836601308,172.64981727427138,34.02503901946678,9.158306245527973,0.028031740753488167,0.0001651205218715653,0.013235587315289728,0.015090356800076506,0.03970676194586928,0.10583840573247776,1.0665107854070623,0.048216168249298856,0.06808287297586046,0.10377931564744293,0.14464850474789667
AlisonKilling,214.70707964601772,6.572389380530975,240.04288269158937,49.25811064879031,10.782368690617783,0.020281591859631465,8.560341570034951e-05,0.008381115352335414,0.009715467981186002,0.02514334605700634,0.1058554145812397,1.0334362435870155,0.04202268589460853,0.059306758740772195,0.1004757835835871,0.12606805768382567
AlixGenerous,309.2689156626506,5.466024096385535,199.72763783787613,45.8787942073227,11.581913231152516,0.022075904205465006,0.00011219610157416388,0.010480451065611806,0.011566623506956237,0.03144135319683552,0.09719594070741659,1.0135904228848218,0.04192778978632237,0.057527167811267474,0.09486726462209832,0.12578336935896722
AllanAdams,277.460979020979,5.748181818181819,181.19384704073252,48.92050109812963,9.21277957249913,0.02858003307053588,0.00016399769578393837,0.011814950259420849,0.01399121761119061,0.03544485077826264,0.12459660397810854,1.1868284863677505,0.05369573723551848,0.07480560974934433,0.12306290858535161,0.16108721170655554
AllanJones,449.0590721649485,8.728350515463916,132.8964081688795,36.84324290355663,7.96732886485625,0.02889333074293602,0.00021914131161808556,0.012483525696672338,0.015229322515189095,0.037450577090017104,0.12082519400294517,1.1486671727322142,0.05269667694941932,0.07449225420205376,0.12094707567486225,0.15809003084825804
AllanSavory,609.4247959183673,6.183826530612245,124.95912583000776,40.843974990040714,11.723031294577783,0.025295126407665014,0.00020449264512182092,0.008891992548338012,0.010608707006942737,0.026675977645014132,0.10273144976045617,1.0098105616080884,0.04144633607567253,0.05697224336466765,0.10016341460439195,0.12433900822701767
AllisonHunt,131.85194444444446,5.583611111111113,208.18517924001108,52.56767330378633,10.303039415472394,0.026226985133027306,0.00012740184482815518,0.011657035610495865,0.013181766173179893,0.03497110683148769,0.10774496621445032,1.0566621464666233,0.04714394448158588,0.06281122631037524,0.0962931509083023,0.14143183344475774
AlwarBalasubramaniam,512.381090909091,5.356121212121214,173.8151651775008,31.250455525867736,12.97718212402326,0.024467715942865727,0.00014470083444410007,0.009841634678777897,0.012580550003195603,0.02952490403633379,0.11263581549931877,1.097129889744868,0.045365446421280514,0.06527274797215206,0.11064682549149554,0.13609633926384165
AlysonMcGregor,465.9371232876713,5.573904109589043,214.75962861438782,45.84792317330534,13.668260666796675,0.020578143398996995,9.700330388105706e-05,0.008496830793000868,0.009436188357211632,0.025490492379002697,0.08721554839046215,0.8938131387306403,0.03638521324419951,0.05037132958045441,0.08374839287216625,0.10915563973259862
AlyssaMonks,392.03277777777777,5.541349206349205,182.88276608201053,41.74861513505499,10.842447543709575,0.020920528249836444,0.00011595196960209518,0.009091414964263914,0.009713637618478115,0.027274244892791847,0.09862070431143195,0.9787162423485304,0.03966115965260642,0.05219930348429801,0.09101871055881965,0.11898347895781937
AmandaBennett,459.23418918918924,5.264391891891889,218.42094448522977,48.14353544166437,13.17751037777924,0.02145096529506469,9.953418845396452e-05,0.009808266854820589,0.010879154164671232,0.029424800564461874,0.09991946596889123,1.03592945759221,0.04226166070698685,0.06048182128409331,0.10011775701092672,0.12678498212096065
AmandaBurden,537.7651764705882,6.150117647058823,188.6244275298109,42.64323197517006,10.746714577797269,0.024775179123958355,0.00013294726333678368,0.011347343641838849,0.01170961976133328,0.03404203092551664,0.10118787781104413,0.9778046714614832,0.04360990815855721,0.05625823989824775,0.08862575366938864,0.13082972447567173
AmandaPalmer,415.49536,5.5908800000000065,173.1040461018289,30.962843194380653,12.110333739973274,0.02121726460631473,0.0001254696379365539,0.008150884550718935,0.009697263667606617,0.024452653652156917,0.10599002451893615,1.0210961773863516,0.04013542556362482,0.057125888534643766,0.1003433314865818,0.12040627669087456
AmberCase,242.11509433962266,8.170943396226415,241.32914477616924,51.094673177741285,10.756805114374108,0.02522747444721856,0.00010535671403590752,0.011616529948736989,0.013489879298866699,0.03484958984621107,0.11066359682091251,1.1190454322473293,0.05089420410478648,0.07008004307076428,0.10996637868745762,0.15268261231435953
AmeenahGuribFakim,438.68656,6.010560000000002,226.19152562984942,45.006622211295436,12.888338349310066,0.023044176604888965,0.00010357399401416574,0.009675979492679156,0.011349746748129292,0.02902793847803756,0.09103646465014024,0.9411326456741391,0.037239050025971436,0.051792904782337855,0.08767836435223188,0.1117171500779144
AmeeraHarouda,261.23577464788735,5.982394366197181,268.03078539645423,47.807357576345666,13.894965301497548,0.019358616771120066,7.349792992351161e-05,0.008700519183485654,0.0103547109915246,0.026101557550457066,0.08577197320137957,0.9290610439963999,0.035226777532451535,0.049618601726700635,0.08291669336067546,0.10568033259735471
AmiKlin,590.8785427135679,5.561155778894475,155.39345056100774,43.46837842829844,7.868455681781656,0.02761860063467347,0.00018315484799429822,0.010893763446505429,0.012723940009733124,0.032681290339516396,0.12931151805328284,1.200668218047895,0.05681084925169612,0.07663459751164449,0.12545299601298857,0.17043254775508848
AmitSood,356.49227848101265,6.690632911392409,164.3795599353195,40.12205695881341,9.989146777349884,0.024482530490492337,0.00015340356526324518,0.01022938385025295,0.012329767992902023,0.030688151550758946,0.11148859249610057,1.1027657667679984,0.045368902914479224,0.06324975269590653,0.10757139572456548,0.13610670874343775
AmoryLovins,709.3296304347826,5.716304347826091,119.4125099469154,27.508288771927248,8.296282700942108,0.02637113976193066,0.00022386633665715842,0.009461600367471129,0.012047449030948003,0.02838480110241349,0.11002240569561339,1.0334203523421976,0.046404501911422216,0.06576959865430121,0.11026201959102688,0.13921350573426677
AmosWinter,317.4466216216216,8.009324324324329,141.32058594045128,36.85875914153494,10.630662342038429,0.02417915176510699,0.00017270446197808378,0.009373623566679251,0.011493081542107033,0.028120870700037846,0.12606021974239745,1.1692892073287176,0.05663420010133616,0.07704181047640109,0.12006557845317097,0.16990260030400856
AmyAdeleHasinoff,430.67686440677966,6.721101694915256,229.46483226566025,55.08097446943008,13.065286295405842,0.02180390875984031,9.709091194974819e-05,0.009322532165008807,0.010110512046362517,0.027967596495026514,0.08832875327553857,0.9081153761557582,0.03694593758703391,0.04941255121144901,0.07928060713978663,0.11083781276110184
AmyCuddy,620.7107471264368,6.440459770114944,255.41029159021542,43.79571618730512,11.780663157677868,0.019007696876967593,7.567310117313623e-05,0.00822754262788215,0.009677612446766477,0.024682627883646564,0.11347954077291966,1.0994097657889235,0.0457364426436758,0.06405508682336253,0.11284962188926173,0.13720932793102752
AmyGreen,307.31739130434784,6.43304347826087,230.35076142819685,41.00088040400272,12.7000176055426,0.020042542773519894,8.804514836334311e-05,0.008959560697677966,0.0097539996179115,0.02687868209303399,0.09821241234136123,0.9907847147772225,0.041127088373651206,0.05710030145442143,0.096793675597746,0.12338126512095372
AmyLockwood,122.85170731707318,5.40829268292683,231.27851590528388,48.75526890585645,12.903061535257626,0.02023410943313404,8.999243667078608e-05,0.008071327588335056,0.00903922811153127,0.02421398276500529,0.09395727771434767,0.9299920153735298,0.03763450328288099,0.050719880813755905,0.08663828606304087,0.11290350984864307
AmyPurdy,260.07135416666665,5.128854166666668,259.03193583244223,45.707469460411204,10.023668042534167,0.01892041603301023,7.403991327783892e-05,0.008703580120821118,0.009569310724188677,0.026110740362463455,0.1099787152986188,1.105560205099108,0.04853065085475237,0.06663505946279777,0.10895702642275196,0.14559195256425725
AmySmith,431.57957627118645,6.669576271186442,274.2268030245597,49.89894133358003,10.283026534809673,0.02066187438878484,7.851147836576294e-05,0.009578442995468053,0.011246569591914524,0.02873532898640426,0.10943360719324499,1.106958613349739,0.04759488174370693,0.06812227732829078,0.11424971048226697,0.14278464523112086
AmyTan,654.5507692307692,6.764556213017756,197.52672008296483,36.29244880356468,12.087341031263644,0.02160300185736979,0.0001106510314992579,0.010010450190433213,0.010911187017695344,0.030031350571299745,0.08757444654807017,0.9213684489827991,0.03777803030997965,0.051878311597685696,0.08174888423221528,0.11333409092993903
AmyWebb,491.06653846153847,5.79807692307692,229.17440475356074,47.90247162456416,9.324764536635703,0.01940902272290438,8.625224693285402e-05,0.007750187577116041,0.00920401617409497,0.023250562731348234,0.11343757430603275,1.0746505474327297,0.049785851936600005,0.06713450382233385,0.11007018169782949,0.14935755580980012
AnandAgarawala,152.08461538461538,5.637435897435896,126.09867868037306,20.505047263844858,9.415378931063438,0.02322718665768495,0.00018827110124595384,0.00851179557788532,0.010748823135348664,0.02553538673365608,0.1039839625138914,0.9945889548910117,0.04195725509904459,0.05958656250169246,0.09943786624031266,0.12587176529713387
AnandGiridharadas,572.0145333333334,5.111866666666669,141.82070506639297,30.69950551376552,9.732123883909335,0.023536404782126465,0.00017114634962505162,0.0091381632619165,0.011482217680346728,0.02741448978574959,0.11123231665153283,1.0996563634755796,0.047054767460028644,0.06586871077308624,0.10926470550707902,0.141164302380086
AnandVarma,187.4262745098039,5.825294117647057,160.37606696814683,28.23620947333113,10.830121108039046,0.022436443282354963,0.00014067131627192698,0.010237989346425731,0.011915653235616976,0.030713968039277326,0.10787438537387718,1.1150920071577923,0.04566900444978467,0.06623085322742073,0.11296173110800371,0.1370070133493541
AnandaShankar,334.28867469879515,7.963132530120485,233.59103040713316,54.24770179739996,10.422085016773153,0.025873237310980804,0.00011798414985691763,0.01235511601975248,0.013879566336918118,0.03706534805925755,0.11418179964640045,1.1023226384465579,0.0535699138976029,0.06858778694952541,0.104897777296678,0.1607097416928088
AnantAgarwal,460.7067857142857,5.86307142857143,153.80604859052104,46.98099645932158,9.0384944470718,0.02998735038072897,0.00020225307271424291,0.010605380974765476,0.013615012599469624,0.03181614292429652,0.12394102161712736,1.1225974409177282,0.04930935164450427,0.07058757399305934,0.12129997961017781,0.1479280549335129
AnasAremeyawAnas,354.63927927927926,5.331261261261257,150.90265891633493,42.30138280215098,8.965003906511022,0.027695694965812784,0.00018919632033930804,0.011223963118911034,0.014043697298388141,0.03367188935673318,0.13293723620122966,1.2231258533232274,0.0587406432292195,0.08097530984350189,0.12964901143508203,0.17622192968765857
AnastasiaTaylorLind,161.8073076923077,5.462692307692307,176.37923452549427,30.103189940532232,10.47210592529842,0.022743266629957806,0.00012965366481849903,0.010005682638648334,0.011119166756328328,0.03001704791594511,0.1162272305477793,1.1058022707956556,0.05002099687154597,0.06920463595312258,0.11319472473090421,0.15006299061463804
AndersFjellberg,437.56992805755397,5.667122302158278,136.34533517954048,28.836059330699943,9.433240599556871,0.022412230924060163,0.00016798099994444894,0.008694674093207747,0.010563775009720545,0.026084022279623347,0.11967383217247914,1.1038183831279045,0.04783224079907357,0.06823405092409258,0.11784741033425754,0.1434967223972208
AndersYnnerman,515.8319512195122,5.744878048780487,127.5379704564126,29.05935792568297,7.611573116585713,0.025571364250301692,0.00020382632291029025,0.010681898578304974,0.011816896983245638,0.03204569573491503,0.12622997021979399,1.1870392656163211,0.05254982001576157,0.07161825935635319,0.121167451506481,0.1576494600472848
AndrasForgacs,270.9172222222222,5.41133333333333,139.23325102424857,33.770486075216915,7.639579140409706,0.026976003884725007,0.00019612602314279194,0.008602390990858797,0.011937044903843539,0.025807172972576516,0.11791921587546121,1.0659136562613842,0.0502381313319783,0.06805312574171182,0.10913896893528895,0.150714393995935
AndreaGhez,442.4073394495413,7.85394495412844,256.8324692042076,76.07536201211789,10.367443006488228,0.025059578334220563,0.00010067399248463036,0.009981623837856767,0.011147649578063475,0.029944871513570403,0.10367149974888731,1.0036556160368544,0.043171215491583356,0.05759653759340983,0.09113175039969496,0.12951364647475017
AndreasEkstrom,279.60036585365856,6.098414634146341,142.8543916540736,35.712262957951204,8.81692386730066,0.029254320943437967,0.00021167850762218417,0.011310794617770481,0.013535535000866915,0.03393238385331154,0.1285037762551451,1.1805551978165987,0.05410366507457867,0.07504792484456407,0.12786178548665234,0.1623109952237361
AndreasRaptopoulos,291.5372093023256,5.956976744186049,128.4172168244171,25.482309534937936,9.313310277723994,0.02751739551081905,0.00021863532239052276,0.009953665799520188,0.013203957745222455,0.02986099739856066,0.12175225550221387,1.1081881003120018,0.04786905500845023,0.06584533822744108,0.10910155303933185,0.1436071650253508
AndreasSchleicher,596.1517788461539,5.348942307692303,154.6110110536354,29.49984126141252,7.965905697273467,0.02772977886089266,0.00018283403483544198,0.011839739286783342,0.014017487641299732,0.03551921786035012,0.1356480804283814,1.238085164177761,0.05934517633676314,0.08475283795964356,0.139048098127638,0.1780355290102895
AndresLozano,459.32226415094345,7.740849056603776,149.65429467229956,36.964760012664314,10.088068532552008,0.02817920298322343,0.00019060759758192454,0.011367711425769773,0.014326034076171763,0.034103134277309426,0.12431432379341718,1.1895929533975402,0.0542711525015505,0.07614321281341899,0.12715964825359927,0.1628134575046516
AndresRuzo,478.7754,5.443199999999998,166.55304430118767,36.6796240531746,10.605469995399003,0.027825307322996606,0.00017258752286476034,0.011429324547812106,0.013088168300388598,0.03428797364343642,0.10898591610114311,1.058352925122657,0.04814480260810819,0.06417223258872347,0.10462176041237792,0.14443440782432465
AndrewBastawrous,187.5820634920635,5.383650793650792,131.76975717827938,94.72222984118537,7.286523911023686,0.030389703764634287,0.0002422734138485508,0.012134537936223249,0.014867066199412499,0.03640361380866986,0.14793210214048452,1.3433150700444563,0.06101175950175921,0.09532191416056036,0.1729065299035117,0.18303527850527773
AndrewBird,499.6010869565218,6.239347826086957,125.80151269879082,28.56867500294638,12.521641340034106,0.02853768143124143,0.0002528095809554318,0.013111946978723771,0.015029731118319045,0.039335840936171394,0.11453797965635668,1.0809583042579818,0.051567349942195216,0.06666029525258056,0.09772452563565963,0.1547020498265857
AndrewBlum,334.0345631067961,6.2410679611650535,114.56419266727865,23.8433031169841,6.524594930126294,0.0243651064728582,0.0002151838974423767,0.008491581222462042,0.011472775479720924,0.025474743667386224,0.13209663590583232,1.2025361165041166,0.05022948434288597,0.07390289930758488,0.13585698370992522,0.150688453028658
AndrewConnolly,539.3116463414634,6.143231707317077,165.25046202680014,47.16534347320195,9.500755937317892,0.028976438749371683,0.0001769838732414512,0.011253174214749107,0.01315145685947891,0.03375952264424742,0.10490236792669863,1.0238629902004486,0.046435004171984644,0.06351643034404443,0.09643618726427818,0.139305012515954
AndrewFitzgerald,354.78903614457835,7.788674698795181,124.27954003893183,40.174191400229255,10.853029465666651,0.02319054106552213,0.00019069246306668795,0.008082755571972872,0.010368525446420135,0.02424826671591869,0.11128665891835826,1.0357380905479034,0.04418128453480661,0.06339080464066339,0.10711821839210461,0.13254385360441995
AndrewMcAfee,427.049417989418,8.028624338624336,128.59635302859473,29.23886724272365,9.892642874270228,0.02674536718191087,0.0002116962365304307,0.010194717882633332,0.013191500596355963,0.030584153647900097,0.12128543406823782,1.1381270194556985,0.05022274034979169,0.07145055914059753,0.12099766125672239,0.15066822104937516
AndrewMwenda,508.0771165644172,5.632208588957049,237.83734224797044,51.30796281671324,8.552555049929623,0.027286940817216304,0.00011705244674236428,0.011422831061282248,0.013717649998458373,0.03426849318384683,0.11986276613903589,1.1455251568436187,0.05308814235150473,0.0722600885710763,0.1151094067630631,0.1592644270545143
AndrewPelling,219.73584615384615,5.657230769230768,137.44442300748548,45.16202875336454,9.47783444620122,0.029319742237515913,0.0002230474481203444,0.010621094111295757,0.013359715706262565,0.031863282333887376,0.11391177229272734,1.100185882752863,0.04751109929425209,0.06648338157734521,0.11321940445565275,0.14253329788275637
AndrewSolomon,732.1753246753246,6.472305194805198,140.6005547920575,21.857887563023407,10.722323135512765,0.02354703294468605,0.00017018882443088043,0.010044350059484175,0.011753936920349387,0.030133050178452622,0.11373609584629413,1.0859482035136914,0.04524986099225864,0.06448590272791152,0.11549676900696557,0.135749582976776
AndrewYoun,398.78185483870965,5.992177419354842,142.20023476292644,30.801125168002322,7.572913435017642,0.02565559835444902,0.0001817605816547113,0.010715054844745662,0.013238209600301483,0.03214516453423708,0.11212782212651148,1.097982199831772,0.048851311704410504,0.06801715809003804,0.1111447653401297,0.14655393511323161
AndyHobsbawm,82.46416666666666,6.112083333333334,110.04417462184419,28.648100443988184,6.5707440440859415,0.03845802903362179,0.00035321504607722915,0.017422754448867976,0.018575337215691646,0.05226826334660401,0.13574480232040256,1.2392981919795207,0.0629708090047515,0.08291989707166784,0.12071248647147244,0.1889124270142546
AndyPuddicombe,271.6152173913043,5.615217391304352,154.68277157813685,33.83856854695372,12.264101688832367,0.021284721103072928,0.00014069916676547528,0.007366709287740103,0.00882539119199085,0.022100127863220412,0.10558349720109511,1.0219775668422049,0.041096384182864654,0.058454982285281544,0.10693467236675595,0.12328915254859406
AndyYen,357.86788990825687,6.33981651376147,153.69321135443727,34.312896607096135,9.567041777579588,0.02894321307076355,0.0001896000635147633,0.01203064621626649,0.013577160026750884,0.036091938648799574,0.1287981252710536,1.205737327797905,0.05614047771885196,0.07608586996527118,0.12625813116060303,0.16842143315655597
AngelaBelcher,336.41971830985915,7.800985915492958,263.64021196241555,41.9039003039418,12.628879135700352,0.01966080743280316,7.558010211571715e-05,0.008660289274787193,0.009908953023047722,0.025980867824361688,0.0899505715005249,0.9318102791919939,0.03624148079033634,0.050773888527845305,0.08616405678311653,0.1087244423710091
AngelaDuckworth,180.62796875,5.433125000000003,263.73875903875114,70.11637888628483,11.375939662682752,0.020882342075993255,8.159893969040337e-05,0.008996055604197332,0.010396659905530143,0.026988166812592102,0.10795404935657053,1.0640052275437595,0.04691333264131457,0.06608899578460233,0.10654855400524528,0.14073999792394382
AngelaPatton,269.08666666666664,5.267820512820516,272.7146400326804,59.70855526888368,10.58082291484821,0.021578761106167677,8.024698196024916e-05,0.010086235738388537,0.01107731498903841,0.030258707215165714,0.10229134012019267,1.0631573295853127,0.046579333291017225,0.06333380103130286,0.09899949736414057,0.13973799987305177
AngelicaDass,328.81484536082473,5.796288659793818,209.2288339502845,43.528672981127315,10.874267717579695,0.022493654217705748,0.0001085536133711336,0.01030238871136707,0.011869079437083587,0.030907166134101303,0.10221241853214551,1.0443408853362484,0.04581693716520102,0.06318203440056243,0.09994635706470921,0.13745081149560315
AngeloVermeulen,208.54224137931035,6.707241379310343,130.57275807609173,34.91813999310184,8.907185458556368,0.031275163993465,0.0002457581257371586,0.011415061318112724,0.014674870168062362,0.03424518395433824,0.12758124296284867,1.1593831975032036,0.05437518646872148,0.0740278117382271,0.12117473999270406,0.16312555940616455
AniLiu,220.69949152542372,6.581016949152542,199.42915490015955,48.19666683670704,11.162245867146785,0.02863468368132674,0.00014507071035144294,0.014267564079031774,0.014685916907833527,0.04280269223709541,0.10360844607547043,1.0303864332449217,0.04781296961343372,0.05950889813163307,0.09021504840007276,0.14343890884030125
AnilAnanthaswamy,397.14876190476195,7.173714285714284,155.0265122510075,25.816599891227927,7.773611888085192,0.024090692012434307,0.00015684122249005173,0.01073621395341952,0.013029365830226675,0.03220864186025866,0.12063430105199444,1.1960291208174247,0.053250646074259986,0.07522027746755892,0.1264562604011334,0.15975193822278005
AnilGupta,591.6925414364641,6.124143646408833,162.61847173552886,38.335492299086354,11.72013478951789,0.03223548628627418,0.00020421917691326464,0.011224576451969684,0.014759325337194332,0.03367372935590914,0.1188595629430878,1.1280840045693354,0.04906858870886206,0.07075860612819516,0.12290589512456332,0.1472057661265863
AnjaliTripathi,347.9507,6.860000000000001,234.3227542707518,51.02565763866811,11.373710576407781,0.024673334744873255,0.0001067179168839976,0.010908986238213745,0.012574965016832872,0.03272695871464133,0.10530871045329043,1.0510399542734168,0.04446325883046204,0.06247018089455522,0.10551378453775523,0.13338977649138622
AnnCooper,602.2574418604652,8.074186046511633,294.0983526967212,49.91532549974809,13.03815285479296,0.017381434863245223,6.015075984191996e-05,0.00706296646344291,0.008540292992429402,0.02118889939032883,0.08725979221360586,0.9047890534453287,0.03565840849814988,0.049449905754329726,0.08261687853647452,0.10697522549444972
AnnMarieThomas,114.4678947368421,5.219999999999999,273.43437963010217,61.23626617237162,9.237050059089055,0.024912322923917016,9.245556039349664e-05,0.011248411064710194,0.013107450373342011,0.033745233194130676,0.11299806213037113,1.1425168765772455,0.05065300966679446,0.06943532374415391,0.11385256848060446,0.1519590290003835
AnnMorgan,371.1566949152542,5.789999999999999,233.17514718327018,50.44995260587908,12.455257105429359,0.02231763137885641,9.682962876505867e-05,0.00935442501465389,0.010406443122578886,0.028063275043961777,0.09989522275967029,0.9901235289019795,0.04073625464454278,0.055765322020839586,0.09218088597129774,0.12220876393362844
AnnaDeavereSmith,677.2814117647058,6.070529411764705,229.8662707061737,47.120393888969694,11.795127694282426,0.02210405759536376,0.00010630539405669996,0.009728187796525239,0.01089586222669955,0.02918456338957581,0.09883295301480083,0.9984332224423511,0.0434241284989752,0.059437970637181245,0.09573772240820563,0.1302723854969257
AnnaMracekDietrich,292.3556756756757,6.482837837837836,212.8305107037418,39.10624432391032,8.429841136044768,0.020410031541591524,9.710735617851918e-05,0.009115373624569907,0.010338568586933354,0.027346120873709818,0.10912344537192384,1.0643054769544478,0.0476830918362166,0.06506060869185855,0.10380539427776396,0.1430492755086499
AnneCurzan,521.5127210884353,5.9949659863945595,254.80528340481214,67.88350890677773,11.923641137112748,0.02110847800159331,8.453762472110981e-05,0.009175467349418367,0.010572091908718826,0.027526402048255204,0.10380109983435296,1.0451772976472016,0.043563193144816055,0.06083746277824673,0.10181710886052713,0.13068957943444828
AnneLamott,488.2692424242424,5.922651515151517,213.8138078021658,34.62265302254809,13.337076796971262,0.017975505476965806,8.503348960804581e-05,0.0076225602337720594,0.009159718009407345,0.022867680701316263,0.09401294958345882,0.9822871127117853,0.038405226886119095,0.05479468821816772,0.09145071443619418,0.11521568065835738
AnneMarieSlaughter,513.9757894736842,5.569766081871348,218.23989274752537,42.16752478155012,13.372549988117129,0.017218626037939222,8.089396721198046e-05,0.006656791441012312,0.007848675624251485,0.019970374323037037,0.0905957968084801,0.8878574384325738,0.035846535397587705,0.04927664440763961,0.0833163001055968,0.10753960619276322
AnneMilgram,367.37921052631583,6.393771929824563,184.8966027109241,31.30950851843028,12.211309468777625,0.022782683509493817,0.00012491897148010327,0.009210157097731873,0.010447904794601788,0.027630471293195714,0.10767572968253833,1.0049558626811175,0.03976074450577558,0.05742598753994385,0.10618829657940079,0.11928223351732686
AnnetteHeuser,298.2625,6.201363636363637,226.75681462348174,43.960262844109,13.029672258827606,0.02001514056480281,8.94872439823466e-05,0.008316326003522036,0.00914346169494793,0.02494897801056622,0.09419952155766088,0.9140273005563895,0.037077084134429145,0.049855730380184766,0.08322721667591026,0.11123125240328754
AnnieLennox,276.17285714285714,6.0011904761904775,207.3235381466723,32.27149979973425,11.634703495912909,0.029725552506076214,0.0001447418495608,0.013938339822533017,0.01650946729243498,0.04181501946759916,0.11080856897433244,1.1244459429459477,0.04588928014111576,0.06744720517051532,0.11831589772514765,0.1376678404233474
AnnieMurphyPaul,492.0755921052632,6.310328947368419,177.68798751987603,27.487439180657702,10.886711366090617,0.019437737569410026,0.000110428254633653,0.008724686002149987,0.010203872029343523,0.026174058006450063,0.10236370189108357,1.042090263527342,0.04146210097291684,0.05890396799834177,0.10121968975576653,0.12438630291875062
AnoteTong,626.2525837320574,5.438564593301431,122.64467073568733,31.91419986831763,9.360931198300053,0.0329740308561259,0.0002726316353950861,0.012699412290135733,0.01561550170498382,0.0380982368704073,0.1264953831501663,1.1939045373768566,0.0513965718662755,0.0735561215605146,0.12918406989555903,0.15418971559882658
AnthonyAtala,465.3778764478764,6.736293436293436,143.57854263070647,31.951517577228767,9.279530429828203,0.024877543208306346,0.00017799752632719694,0.009959766483000192,0.011912724803699187,0.02987929944900067,0.11023142824152929,1.0624962337666028,0.047642113667754,0.06525839720161539,0.10490458709489954,0.1429263410032621
AnthonyDRomero,372.3218548387097,5.280322580645159,121.90803923195067,34.81384733121448,9.090143530386944,0.02772791690380218,0.00023155906647422098,0.011003686081018082,0.014404000975749374,0.03301105824305434,0.11695143190251793,1.1326820308957497,0.047587378536478826,0.06958238511900483,0.12554746099449496,0.1427621356094366
AnthonyGoldbloom,135.25627906976746,6.028372093023255,126.78872385718364,31.098909323658418,8.351892414343736,0.024124617167515287,0.00019244852570195813,0.009030296575438817,0.011520706703079685,0.027090889726316552,0.11848043841194471,1.127743973529155,0.04394334955027756,0.0653953281435797,0.1280384951889164,0.13183004865083275
AntonioDamasio,539.5985,8.35791666666667,137.49964081013206,29.948320204720588,8.749604891025026,0.0316980366577604,0.0002323779523873675,0.014758934107740646,0.01710024847772076,0.04427680232322204,0.1366273243518842,1.3013373828040546,0.06427112599732121,0.09005276497714022,0.13986465052970204,0.1928133779919637
AntonioGuterres,587.0035668789809,6.632356687898083,161.3857220834041,41.67478637083268,9.988974905161426,0.030986655996913855,0.0001967115519046414,0.01363279834157007,0.015785094969998234,0.04089839502471032,0.13032945464877238,1.231583547735732,0.056446688560805924,0.07965921244763031,0.13649836044067545,0.16934006568241786
AntonyGormley,443.1747972972973,5.364662162162164,110.12576463995926,33.008446840515035,6.7170125579389515,0.03598851001712509,0.00033840220834312294,0.01569646414829175,0.018187848253611767,0.04708939244487535,0.1414632876729475,1.292214969692385,0.06315246024134974,0.08874912618363517,0.1491399568645912,0.1894573807240493
AnupamMishra,475.23496240601503,6.175187969924815,148.74326034934012,29.88692927602219,12.34468140588936,0.028943952674149714,0.00019696973159855964,0.012978634998827648,0.015904904615189164,0.03893590499648305,0.11253775018079075,1.1104541509781642,0.048692987872825014,0.0711283918742699,0.11973479522802201,0.14607896361847517
AomawaShields,160.82,6.4238636363636346,191.15239403598005,44.08163804969411,9.114330218712995,0.02497479173927379,0.00013209337891509102,0.010694956073471274,0.012456782454488485,0.032084868220413905,0.11588117252908944,1.122125983205702,0.051662027314164666,0.07021733298838455,0.10919310981145251,0.15498608194249408
AparnaRao,248.85227848101263,5.738227848101266,195.5794827900092,34.01318212676953,12.746260869929792,0.0234136800729922,0.00012278628473339748,0.010218849821711458,0.011752625982792968,0.03065654946513447,0.10262193096435303,0.9934679377049891,0.04438718851502451,0.06097829478867287,0.1023946053312115,0.13316156554507363
ApolloRobbins,233.49848484848485,5.782727272727272,167.4702405219971,37.540381160062665,9.337021188014578,0.02438363894859168,0.00014817429903983174,0.009494187653419802,0.011154044876792245,0.02848256296025951,0.11737431170419615,1.0987105806816493,0.048443605445231915,0.06513726120259006,0.10989431790681907,0.14533081633569583
AriWallach,423.98264957264956,6.0532478632478615,177.97812342925926,42.86933697385082,10.398058818837669,0.029760863798910003,0.00016942910107863138,0.013615015072943893,0.01516721322071378,0.040845045218831776,0.12097090770258061,1.1539053560555073,0.05419633304734428,0.07432694485693225,0.11986840226374197,0.16258899914203293
AriannaHuffington,127.125625,5.728124999999998,268.6938852243709,55.61477105387841,12.876178494649348,0.020447102702592326,7.737571217806893e-05,0.010314767913614081,0.011558258123286628,0.030944303740842352,0.10385199905654202,1.0877721070109452,0.0471467839022813,0.06432277841334179,0.10253830653033465,0.14144035170684402
ArielGarten,452.12,6.132132352941179,266.5242599420088,46.15073496957491,9.961432213271193,0.027357863064954673,0.00010328647393837056,0.01357513220156581,0.015416543694865326,0.04072539660469753,0.12006508869015435,1.2139129016285712,0.0573831254804894,0.07985943248668005,0.122724546517343,0.1721493764414683
ArisVenetikidis,476.46965986394554,6.015986394557822,159.51717539099545,48.66608580851213,7.084637449892252,0.025723246986061182,0.00016413021899563544,0.010766427237209277,0.0132778869946663,0.03229928171162795,0.13025781674310002,1.2352856371643852,0.05680615714360381,0.08010446205014769,0.1292914581045263,0.17041847143081154
ArthurBenjamin,299.0626865671642,6.801865671641791,191.80202959216933,42.78540762109238,9.834390535369561,0.020192193024547347,0.0001083075013806499,0.008339374413808276,0.009858048967308368,0.025018123241424932,0.112268940078567,1.0857635174176627,0.04782064871908731,0.06585510484175958,0.11209608333627478,0.14346194615726204
ArthurBrooks,417.27938461538463,6.06146153846154,172.39300272598442,47.87512650653289,9.513040797707522,0.02439896874417803,0.00014415491601663344,0.009413157876330482,0.011379821649770175,0.02823947362899155,0.11670384586561519,1.1189280435527784,0.04874439062976603,0.0689004566021215,0.11376635217440527,0.14623317188929819
ArthurGanson,469.9834246575343,5.461164383561643,142.03009458231926,36.28297474248,8.307180323088533,0.02528063789140484,0.00018205433945936986,0.010630485753714768,0.012469618455902123,0.0318914572611444,0.12062622673351565,1.152168804970102,0.05568225683086229,0.07391688280868826,0.1165034551228607,0.16704677049258698
ArthurPottsDawson,263.5409411764706,5.685294117647056,111.81508081600288,22.143081127147735,8.985863230394108,0.026346962082014754,0.00023803459851625411,0.010375945659440666,0.012695536185202158,0.031127836978322103,0.12406863586206757,1.1833980884107824,0.05047741351121604,0.07224809990981376,0.11580382240573531,0.15143224053364823
ArunachalamMuruganantham,267.06138461538467,5.944153846153846,195.4047120723004,38.40380686921386,12.571207094332271,0.028392384635927054,0.0001475169565925744,0.012229079782157894,0.01490862326070686,0.03668723934647379,0.10558380195380622,1.0707011850499817,0.04365622111451881,0.06290758592914722,0.11356387975560245,0.1309686633435565
ArvindGupta,453.7621875,5.706718749999996,232.4935208860727,54.264103777846024,6.201330800973955,0.03170000970928965,0.00014016983930630072,0.01366343767978779,0.016269060689960393,0.040990313039363464,0.13361198954816905,1.265930521035336,0.06147327851494716,0.08327249038404419,0.131261547047091,0.18441983554484156
AshBeckham,386.6309049773755,5.853076923076922,166.91562735689172,33.323478529747945,11.694467664376965,0.01865373861382071,0.00011852524997025625,0.006970677637538839,0.008303783825230155,0.020912032912616615,0.10515767641646162,1.0345007786705473,0.04004354403916441,0.057189598694241325,0.1022578857785533,0.12013063211749335
AshadeVos,158.36450980392158,6.130980392156863,224.72865363408263,53.47892026658936,11.712102337520175,0.024526301390887146,0.00011176496744552629,0.010998006725435142,0.012857269762413252,0.03299402017630553,0.10000431917915525,1.0259284387486534,0.043833703665132215,0.061044955939883676,0.09524575628741457,0.13150111099539674
AsherHasan,115.65133333333333,6.549333333333335,151.78401201270168,40.18073786313812,13.12490762510998,0.024891452670800798,0.00016568509934701333,0.00939858584988041,0.011462556814575506,0.028195757549641324,0.11488501165815083,1.0995590154609822,0.040854667049744005,0.06193357480223819,0.12000466369357855,0.1225640011492321
AshleyJudd,485.9370833333333,6.2422499999999985,226.7709242889649,51.53339546828671,12.168787390682047,0.02073196241695171,9.542726537459146e-05,0.008366731237293331,0.009778261324294331,0.0251001937118801,0.09586141382898447,0.9492310726559173,0.03991183810574516,0.054984250761877566,0.0909207537069183,0.11973551431723557
AshrafGhani,510.74011834319526,5.343964497041424,190.5482645794726,49.88996356419436,10.0243751281967,0.03253152064005038,0.0001801496927132787,0.012799602037340187,0.015853021703729563,0.038398806112020664,0.11573196882343034,1.123773678421239,0.04977313681209827,0.07234540795541707,0.1180549771561203,0.14931941043629493
AshtonCofer,182.106,5.964181818181819,175.36508690892634,38.02332711272231,10.408642737768902,0.022897342745339045,0.00013189311201292872,0.008499482250088036,0.010330620328221109,0.025498446750264202,0.11742035619032834,1.1093297250057375,0.04626053836998311,0.0671754478599079,0.11692350523389437,0.13878161510994944
AspenBaker,147.03871794871796,5.4197435897435895,180.35080896110202,45.42977979765006,8.593134967912134,0.02612695375271911,0.00015158629910644322,0.01165857956670849,0.01281031763703875,0.034975738700125575,0.10217860400518229,1.0167978559303894,0.045968163005753175,0.061481494023639255,0.09548132598205326,0.1379044890172596
AstroTeller,460.7510322580645,5.63825806451613,143.23009961138564,43.76857897330321,7.491185592483661,0.028188947843457112,0.0002002982229867213,0.010868860163267404,0.013183566787327409,0.03260658048980231,0.11728211132331767,1.1239274589052752,0.05125774568406579,0.07020535566070746,0.1155402260979885,0.15377323705219745
AtulGawande,554.6860465116279,5.949825581395347,131.5379550093487,25.318454491055164,9.693415803054148,0.02702835130625136,0.00020973240925604265,0.011098981773535556,0.013022118978772073,0.03329694532060676,0.1081427225150422,1.038985309242851,0.0455004486861854,0.0648518813058301,0.10448627400881778,0.1365013460585563
AubreydeGrey,657.5766666666667,7.111286549707609,150.69298469046387,46.40633884562478,9.680171420889181,0.03118670255593209,0.0002099907311596624,0.013075902505562531,0.01551331154600822,0.03922770751668769,0.13264281070940387,1.222172257541341,0.056675665774540904,0.08175481356140148,0.1361470376234085,0.1700269973236228
AudreyChoi,369.8854237288136,6.024067796610167,199.72432832331035,51.34338016939928,9.187382439055275,0.027874894593360858,0.00014408474141402568,0.012679034838606827,0.012995713438997754,0.03803710451582059,0.12201072644161391,1.164141348683685,0.05466709505528034,0.07138345152545535,0.1155952979171423,0.16400128516584114
AukeIjspeert,427.6785123966942,6.4123966942148725,165.17014130335343,43.52208378775024,10.729597459741449,0.0334839091197697,0.00020475055567053304,0.014702267767412834,0.01754015434785407,0.04410680330223861,0.12594643024451949,1.203656013258084,0.05382555700413759,0.0777526878263057,0.13112751744388718,0.16147667101241286
