speaker,start,duration,meanF0,stdevF0,hnr,localJitter,localabsoluteJitter,rapJitter,ppq5Jitter,ddpJitter,localShimmer,localdbShimmer,apq3Shimmer,apq5Shimmer,apq11Shimmer,ddaShimmer,filename,gender
911Mothers,275.9475806,5.546612903,187.8597606,34.56698757,10.84293751,0.023090643,0.000125065,0.011266843,0.012117285,0.03380053,0.112708508,1.135521713,0.052666686,0.070811938,0.111888435,0.158000057,911Mothers_2010W,F
AJJacobs,397.6642767,5.927515723,169.3198303,33.45584833,9.955003209,0.017305755,0.000103656,0.006364768,0.007201306,0.019094304,0.103304602,1.015654667,0.043675654,0.057097378,0.095605298,0.131026962,AJJacobs_2007P,M
AJJacobs,397.6642767,5.927515723,169.3198303,33.45584833,9.955003209,0.017305755,0.000103656,0.006364768,0.007201306,0.019094304,0.103304602,1.015654667,0.043675654,0.057097378,0.095605298,0.131026962,AJJacobs_2011P,M
AJJacobs,397.6642767,5.927515723,169.3198303,33.45584833,9.955003209,0.017305755,0.000103656,0.006364768,0.007201306,0.019094304,0.103304602,1.015654667,0.043675654,0.057097378,0.095605298,0.131026962,AJJacobs_2014A,M
AalaElKhani,423.0671014,5.702608696,245.2132609,39.66402577,12.35252007,0.023289416,9.60E-05,0.011072066,0.012873128,0.033216197,0.11234845,1.133508454,0.04873774,0.07068701,0.11643308,0.14621322,AalaElKhani_2016X,F
AaronHuey,463.8288489,5.720863309,140.5935258,18.16322216,8.146350124,0.02336863,0.000167286,0.009959928,0.012340076,0.029879785,0.1222245,1.14288862,0.052434134,0.072364977,0.12003503,0.157302402,AaronHuey_2010X,M
AaronKoblin,461.55552,6.66664,143.1167477,23.71648025,9.812598635,0.025559755,0.000179808,0.011431657,0.014258398,0.03429497,0.123130285,1.164420642,0.054855278,0.07794231,0.12480902,0.164565833,AaronKoblin_2011,M
AaronOConnell,229.0131429,6.123428571,121.5920844,29.91780962,7.849261487,0.027936846,0.000233405,0.011896278,0.014745844,0.035688835,0.124122337,1.160799751,0.05803676,0.080587147,0.121157765,0.174110279,AaronOConnell_2011,M
AbeDavis,542.7823226,5.419290323,207.5934001,58.70497966,8.30146379,0.027537401,0.00013409,0.011743783,0.013627855,0.035231348,0.121943776,1.173727966,0.054945249,0.075784559,0.119745838,0.164835748,AbeDavis_2015,M
AbhaDawesar,351.5220561,6.212429907,254.4519963,44.82959307,14.89668443,0.015801702,6.29E-05,0.006300947,0.007120782,0.018902842,0.092083601,0.902166573,0.034157517,0.049133389,0.088812126,0.102472552,AbhaDawesar_2013G,F
AbigailMarsh,369.3560976,5.656829268,234.6355753,51.88188129,10.16956597,0.02457458,0.000105905,0.011556306,0.013101336,0.034668917,0.116034284,1.161466188,0.052918935,0.072210067,0.113068981,0.158756806,AbigailMarsh_2016T,F
AbigailWashburn,194.9013462,5.266923077,195.0395643,40.74949775,13.76914748,0.017922427,9.37E-05,0.007636432,0.008022945,0.022909297,0.071760592,0.716549926,0.029289871,0.03913589,0.061335996,0.087869613,AbigailWashburn_2012U,F
AbrahamVerghese,559.816519,6.515632911,140.2326517,25.59697834,8.798093654,0.022766072,0.0001641,0.008879569,0.011018787,0.026638708,0.116565963,1.111147379,0.048697176,0.068797756,0.118180371,0.146091527,AbrahamVerghese_2011G,M
AchenyoIdachaba,221.2280769,6.950576923,194.6795935,52.72301906,10.35511923,0.024647748,0.000127814,0.011025645,0.012331239,0.033076935,0.108754319,1.091798382,0.048141428,0.065733469,0.104684066,0.144424284,AchenyoIdachaba_2015W,F
AdamDavidson,590.6574306,7.453680556,157.6269596,40.11670403,9.049460982,0.024112822,0.000155299,0.009638656,0.011201649,0.028915968,0.126645776,1.178418179,0.057714384,0.077015542,0.121346002,0.173143153,AdamDavidson_2012S,M
AdamDriver,517.2128873,6.120070423,161.0872596,31.12272211,10.30246213,0.026198596,0.000168528,0.01081212,0.012975072,0.032436361,0.117340686,1.142233117,0.04834935,0.069351772,0.120459012,0.145048051,AdamDriver_2015P,M
AdamFoss,472.3918792,5.597986577,134.0403316,33.13996783,7.873386469,0.023976454,0.000183009,0.009439653,0.011993686,0.02831896,0.115519358,1.118410749,0.048498976,0.069632955,0.116075054,0.145496928,AdamFoss_2016,M
AdamGalinsky,445.8264394,6.24219697,219.2572338,49.16417361,12.19248725,0.022250004,0.000104515,0.008862361,0.009864424,0.026587084,0.099766829,0.977963004,0.041166184,0.055848999,0.092253716,0.123498552,AdamGalinsky_2016X,M
AdamGarone,482.317554,5.99294964,138.0304513,27.05491488,9.08567217,0.022771347,0.000167306,0.008192669,0.010648583,0.024578006,0.130957746,1.206893647,0.056410227,0.079662195,0.138251901,0.169230682,AdamGarone_2011X,M
AdamGrant,432.5340602,5.781466165,206.3792006,53.47969781,9.992539184,0.025064896,0.000125749,0.010267719,0.012051013,0.030803158,0.118233802,1.134061964,0.04973177,0.070064051,0.117391376,0.149195309,AdamGrant_2016,M
AdamGrant,432.5340602,5.781466165,206.3792006,53.47969781,9.992539184,0.025064896,0.000125749,0.010267719,0.012051013,0.030803158,0.118233802,1.134061964,0.04973177,0.070064051,0.117391376,0.149195309,AdamGrant_2016S,M
AdamGrosser,128.2026087,6.273043478,124.0640438,28.77102296,8.73478401,0.027316622,0.000224231,0.011578256,0.013893437,0.034734767,0.121401153,1.134377243,0.051743867,0.07434487,0.119561745,0.155231601,AdamGrosser_2007,M
AdamOckelford,372.4840449,5.990224719,119.944167,30.43381751,7.314487002,0.026988349,0.000231812,0.012003569,0.013671301,0.036010708,0.143055311,1.315242695,0.065532483,0.091030944,0.153838873,0.19659745,AdamOckelford_2013X,M
AdamOstrow,152.3615909,6.293181818,145.3216027,29.70427089,10.50838671,0.023047669,0.000159454,0.009101112,0.010810306,0.027303335,0.112954708,1.051965263,0.045561501,0.065328224,0.111969096,0.136684502,AdamOstrow_2011G,M
AdamSadowsky,212.9596364,6.268727273,144.5513166,38.11472845,6.851485003,0.026570903,0.000186972,0.011385171,0.014444534,0.034155514,0.124533313,1.166066117,0.057870576,0.076289655,0.113961628,0.173611728,AdamSadowsky_2010X,M
AdamSavage,413.9847826,7.277777778,165.3846308,38.9736194,10.5555741,0.028307536,0.000175383,0.011521237,0.014230416,0.03456371,0.115544835,1.114652835,0.049771061,0.070166521,0.113065805,0.149313183,AdamSavage_2008P,M
AdamSavage,413.9847826,7.277777778,165.3846308,38.9736194,10.5555741,0.028307536,0.000175383,0.011521237,0.014230416,0.03456371,0.115544835,1.114652835,0.049771061,0.070166521,0.113065805,0.149313183,AdamSavage_2016,M
AdamSpencer,539.8038667,5.651866667,170.707981,37.94941291,11.019255,0.021382992,0.000129168,0.007781835,0.009424811,0.023345505,0.101162266,0.997859819,0.037588144,0.05476832,0.100246157,0.112764433,AdamSpencer_2013,M
AdamdelaZerda,384.2794309,5.910650407,111.2430768,23.06309365,8.762343497,0.031684514,0.000287742,0.012119971,0.01434759,0.036359913,0.133790327,1.241916002,0.052134058,0.07799828,0.139138948,0.156402173,AdamdelaZerda_2016X,M
AditiGupta,324.4428571,5.848265306,213.5613039,38.03223974,12.60397579,0.021102832,0.000102042,0.009682954,0.011510313,0.029048863,0.110511414,1.105579281,0.04579012,0.064471856,0.108591367,0.137370359,AditiGupta_2015X,F
AditiShankardass,217.3759375,6.270625,218.4958446,36.4602621,8.963301305,0.016408588,7.58E-05,0.007238247,0.007772573,0.021714742,0.108332768,1.058319395,0.047806007,0.062450715,0.097596243,0.143418021,AditiShankardass_2009I,F
AdoraSvitak,235.8338095,6.781587302,266.9476126,55.87576633,11.63360666,0.016554832,6.30E-05,0.00678876,0.007637126,0.020366281,0.087546448,0.871039533,0.037607917,0.050623057,0.082661419,0.112823752,AdoraSvitak_2010,F
AfraRaymond,534.6440984,5.324972678,112.2910114,22.74939952,8.490856804,0.035707752,0.000329143,0.014487505,0.018149895,0.043462514,0.151364675,1.324011433,0.058336535,0.082590962,0.135077425,0.175009605,AfraRaymond_2012X,M
AimeeMullins,465.3629864,5.498642534,213.4686365,39.64377827,10.25261834,0.019707934,9.37E-05,0.00906799,0.009862441,0.02720397,0.120225191,1.155234718,0.053159567,0.073082758,0.115579169,0.159478701,AimeeMullins_1998,F
AimeeMullins,465.3629864,5.498642534,213.4686365,39.64377827,10.25261834,0.019707934,9.37E-05,0.00906799,0.009862441,0.02720397,0.120225191,1.155234718,0.053159567,0.073082758,0.115579169,0.159478701,AimeeMullins_2009U,F
AjitNarayanan,464.0325185,5.978074074,204.953939,58.63862068,10.96291421,0.026364801,0.000132702,0.010516425,0.012770781,0.031549275,0.125353123,1.187146029,0.050691258,0.072828077,0.12858025,0.152073775,AjitNarayanan_2013,M
AlGore,717.3834574,6.113102837,152.5615489,34.03677454,9.046456019,0.024789696,0.000171077,0.009850371,0.011627677,0.029551113,0.105806828,1.028827613,0.046200051,0.062624774,0.101924389,0.138600152,AlGore_2006,M
AlGore,717.3834574,6.113102837,152.5615489,34.03677454,9.046456019,0.024789696,0.000171077,0.009850371,0.011627677,0.029551113,0.105806828,1.028827613,0.046200051,0.062624774,0.101924389,0.138600152,AlGore_2008,M
AlGore,717.3834574,6.113102837,152.5615489,34.03677454,9.046456019,0.024789696,0.000171077,0.009850371,0.011627677,0.029551113,0.105806828,1.028827613,0.046200051,0.062624774,0.101924389,0.138600152,AlGore_2016,M
AlSeckel,367.9752222,5.262555556,154.7546391,34.70722059,10.39725485,0.025796092,0.00017449,0.01039799,0.012481684,0.031193971,0.105945229,1.041326775,0.045427631,0.065129432,0.109679202,0.136282894,AlSeckel_2004,M
AlVernacchio,245.914,6.238533333,171.2457116,44.7812698,11.59342226,0.024411877,0.000147437,0.008978852,0.010590495,0.026936556,0.115658086,1.086817848,0.047549199,0.066499095,0.107899304,0.142647596,AlVernacchio_2012,M
AlaaMurabit,382.4784259,5.918703704,226.7352486,50.87297077,10.42765442,0.022157987,0.000100183,0.009623986,0.010746884,0.028871957,0.093739674,0.95809896,0.040564904,0.055882389,0.088538373,0.121694712,AlaaMurabit_2015W,F
AlaindeBotton,543.3067803,7.226515152,144.939921,40.05552598,8.283284657,0.029523209,0.000207566,0.01153421,0.013939121,0.034602631,0.125665282,1.175960887,0.054377717,0.075797408,0.121654178,0.16313315,AlaindeBotton_2009G,M
AlaindeBotton,543.3067803,7.226515152,144.939921,40.05552598,8.283284657,0.029523209,0.000207566,0.01153421,0.013939121,0.034602631,0.125665282,1.175960887,0.054377717,0.075797408,0.121654178,0.16313315,AlaindeBotton_2011G,M
AlanEustace,421.4696552,5.809568966,159.5077242,29.33655424,10.26429855,0.022080344,0.000141032,0.009451372,0.011271328,0.028354116,0.102330264,1.027342114,0.045346651,0.06222684,0.098657333,0.136039952,AlanEustace_2015,M
AlanKay,557.0774317,5.322295082,155.3622109,24.22288023,9.67396742,0.021241736,0.000138414,0.009309711,0.011224294,0.027929134,0.115220113,1.103166896,0.051581675,0.073030996,0.114132169,0.154745025,AlanKay_2007,M
AlanRussell,559.5548299,6.940544218,127.5802241,28.29776633,9.255391384,0.025869417,0.000206258,0.010653972,0.013150158,0.031961917,0.116029714,1.099342965,0.051384052,0.071565312,0.114399233,0.154152156,AlanRussell_2006,M
AlanSiegel,118.97,7.087096774,116.687622,17.102877,11.77349196,0.025742246,0.000223335,0.010456994,0.013673819,0.031370981,0.095462578,0.967422886,0.040107071,0.057854268,0.098574457,0.120321214,AlanSiegel_2010,M
AlanSmith,388.1214516,5.774435484,150.6348171,36.38803792,10.16792593,0.026982824,0.000182622,0.010575173,0.012915629,0.03172552,0.120003792,1.156239033,0.048237066,0.07007852,0.118253073,0.144711197,AlanSmith_2016X,M
AlannaShaikh,184.461129,5.243548387,175.4749596,36.07770737,9.698777781,0.026110364,0.000151791,0.010932429,0.012744541,0.032797286,0.093231547,0.933837929,0.039405483,0.053713166,0.085128096,0.118216449,AlannaShaikh_2012G,F
AlastairParvin,364.8107965,6.023274336,135.0546694,31.25494745,9.62187688,0.025220382,0.000190012,0.008961509,0.011273485,0.026884528,0.116705651,1.098385614,0.04561518,0.064772191,0.115733718,0.136845541,AlastairParvin_2013,M
AlbertoCairo,570.3373006,5.330490798,170.1059736,32.89907016,9.982246817,0.028525686,0.00017179,0.0127118,0.013874776,0.038135399,0.098958663,0.992115115,0.041704525,0.056040465,0.09214475,0.125113574,AlbertoCairo_2011X,M
AlecSoth,319.5326136,5.946931818,168.7937656,39.22260282,9.988520414,0.024814358,0.000156703,0.011132148,0.012914292,0.033396443,0.114828009,1.146409598,0.049590801,0.069368509,0.113043441,0.148772403,AlecSoth_2015,M
AlejandroAlvarado,367.6705882,5.974537815,193.9335311,40.19721134,12.72894056,0.022563909,0.000118149,0.009016572,0.010370415,0.027049715,0.09557409,0.978321322,0.037570014,0.052068251,0.089361426,0.112710042,AlejandroAlvarado_2016X,M
AlejandroAravena,453.4467442,6.206356589,184.7461886,41.47487536,10.7451774,0.028071589,0.000155686,0.012004316,0.014508008,0.036012949,0.09118129,0.97039633,0.04145402,0.057319596,0.088211061,0.12436206,AlejandroAravena_2014G,M
AlessandraOrofino,446.8871654,6.525433071,289.466809,55.19109386,15.63613676,0.018156225,6.36E-05,0.008201659,0.009270493,0.024604976,0.072814394,0.78517676,0.031084759,0.042015562,0.067858971,0.093254277,AlessandraOrofino_2014G,F
AlessandroAcquisti,470.9394167,6.732416667,135.5738066,34.08131618,10.06300049,0.027513363,0.000206205,0.008822936,0.011630014,0.026468809,0.107642869,1.013152141,0.043138082,0.060575227,0.104317734,0.129414246,AlessandroAcquisti_2013G,M
AlexKipman,528.6112222,5.348444444,164.9820726,47.55507092,7.91935332,0.028329688,0.000177384,0.012169582,0.014364705,0.036508745,0.121364823,1.187749676,0.053811782,0.07422971,0.122235321,0.161435345,AlexKipman_2016,M
AlexLaskey,242.5415278,6.162638889,153.7916494,35.2275446,9.103790263,0.021775731,0.000143222,0.008509797,0.01049181,0.02552939,0.110471021,1.063349427,0.045106657,0.064610722,0.114207997,0.135319972,AlexLaskey_2013,M
AlexSteffen,453.1616901,7.125868545,135.5975834,32.25603022,9.680986277,0.02691484,0.00020242,0.009299396,0.012448745,0.027898188,0.113104044,1.071405233,0.046258894,0.065053102,0.107069575,0.138776683,AlexSteffen_2005G,M
AlexSteffen,453.1616901,7.125868545,135.5975834,32.25603022,9.680986277,0.02691484,0.00020242,0.009299396,0.012448745,0.027898188,0.113104044,1.071405233,0.046258894,0.065053102,0.107069575,0.138776683,AlexSteffen_2011G,M
AlexTabarrok,407.7419835,6.238181818,161.7924332,33.92803236,12.39576933,0.023116592,0.000145712,0.009723307,0.011669506,0.02916992,0.094230895,0.948886647,0.039708346,0.056962058,0.094682143,0.119125038,AlexTabarrok_2009,M
AlexWissnerGross,341.4386598,6.524742268,135.6054382,33.34408332,8.945389488,0.028812819,0.000217523,0.010017225,0.012984109,0.030051676,0.121644919,1.120200996,0.050680658,0.069468088,0.113120493,0.152041973,AlexWissnerGross_2013X,M
AlexaMeade,205.7998438,5.92875,213.3030707,44.7248218,11.93290256,0.020103222,9.51E-05,0.00873366,0.009218513,0.026200981,0.108059381,1.024727222,0.044514757,0.060103196,0.098715897,0.13354427,AlexaMeade_2013G,F
AlexanderBetts,517.8228053,6.438382838,161.6891663,43.2818989,9.10551657,0.026632118,0.000167165,0.010334528,0.012666744,0.031003585,0.119860455,1.146605107,0.04978766,0.071052175,0.117360174,0.14936298,AlexanderBetts_2016,M
AlexanderBetts,517.8228053,6.438382838,161.6891663,43.2818989,9.10551657,0.026632118,0.000167165,0.010334528,0.012666744,0.031003585,0.119860455,1.146605107,0.04978766,0.071052175,0.117360174,0.14936298,AlexanderBetts_2016T,M
AlexanderTsiaras,294.9238298,10.99638298,122.414606,32.79779043,7.898691751,0.025957605,0.000213905,0.010764,0.013770304,0.032292001,0.135493407,1.243543598,0.061495988,0.082157465,0.128911489,0.184487965,AlexanderTsiaras_2010P,M
AlexisOhanian,128.3172414,7.493103448,130.385651,29.71133531,7.227439395,0.025866441,0.000200387,0.009955549,0.012478151,0.029866646,0.141948356,1.311265233,0.058247723,0.083028618,0.151952212,0.174743168,AlexisOhanian_2009I,M
AliCarrChellman,374.1398261,6.202521739,252.4261945,51.36359826,14.48872911,0.020248149,8.17E-05,0.00854731,0.009090228,0.025641931,0.077715446,0.769556309,0.033909396,0.043780179,0.067226188,0.101728187,AliCarrChellman_2010X,F
AliceBowsLarkin,415.5837903,6.492580645,258.3942326,48.96201778,12.76781026,0.021432656,8.46E-05,0.008966871,0.010456651,0.026900614,0.088269338,0.91938831,0.036686484,0.05153941,0.084899789,0.110059452,AliceBowsLarkin_2015G,F
AliceDreger,555.3955844,6.877922078,253.2864987,59.31282465,11.89063097,0.024762087,9.89E-05,0.011381729,0.013461213,0.034145188,0.124038636,1.188800796,0.055800432,0.080211306,0.125367967,0.167401295,AliceDreger_2011X,F
AliceGoffman,488.9625373,6.436865672,241.650109,44.37252435,11.82730048,0.023136602,9.66E-05,0.009895343,0.01190774,0.02968603,0.106367116,1.052051518,0.044440556,0.062339323,0.103234792,0.133321667,AliceGoffman_2015,F
AliceRawsthorn,335.891519,8.316962025,200.6013613,44.39560789,11.9404394,0.02065797,0.000103719,0.008692858,0.010507336,0.026078573,0.096135675,0.96639806,0.041708805,0.057159097,0.089153256,0.125126416,AliceRawsthorn_2016,F
AliciaGarzaandPatrisseCullorsandOpalTometi,472.9077857,6.151857143,191.4523454,43.35146713,11.00566869,0.024193298,0.00013044,0.010430082,0.011737753,0.031290247,0.099683761,0.977427999,0.040878613,0.055714444,0.090258058,0.12263584,AliciaGarzaandPatrisseCullorsandOpalTometi_2016W,F
AlisaMiller,122.9955882,5.291176471,264.3864008,52.79658531,12.15108848,0.018077616,6.96E-05,0.008189253,0.008999119,0.02456776,0.080751334,0.831327316,0.035585975,0.047950285,0.073092449,0.106757924,AlisaMiller_2008,F
AlisonGopnik,508.9018898,7.164173228,255.8240554,67.99478151,10.20634995,0.025249179,0.000100266,0.011429231,0.012792163,0.034287693,0.112860982,1.123183509,0.051437076,0.070575257,0.108898904,0.154311227,AlisonGopnik_2011G,F
AlisonJackson,480.7995425,5.765424837,172.6498173,34.02503902,9.158306246,0.028031741,0.000165121,0.013235587,0.015090357,0.039706762,0.105838406,1.066510785,0.048216168,0.068082873,0.103779316,0.144648505,AlisonJackson_2005G,F
AlisonKilling,214.7070796,6.572389381,240.0428827,49.25811065,10.78236869,0.020281592,8.56E-05,0.008381115,0.009715468,0.025143346,0.105855415,1.033436244,0.042022686,0.059306759,0.100475784,0.126068058,AlisonKilling_2014U,F
AlisonKilling,214.7070796,6.572389381,240.0428827,49.25811065,10.78236869,0.020281592,8.56E-05,0.008381115,0.009715468,0.025143346,0.105855415,1.033436244,0.042022686,0.059306759,0.100475784,0.126068058,AlisonKilling_2014X,F
AlixGenerous,309.2689157,5.466024096,199.7276378,45.87879421,11.58191323,0.022075904,0.000112196,0.010480451,0.011566624,0.031441353,0.097195941,1.013590423,0.04192779,0.057527168,0.094867265,0.125783369,AlixGenerous_2015W,F
AllanAdams,277.460979,5.748181818,181.193847,48.9205011,9.212779572,0.028580033,0.000163998,0.01181495,0.013991218,0.035444851,0.124596604,1.186828486,0.053695737,0.07480561,0.123062909,0.161087212,AllanAdams_2014,M
AllanAdams,277.460979,5.748181818,181.193847,48.9205011,9.212779572,0.028580033,0.000163998,0.01181495,0.013991218,0.035444851,0.124596604,1.186828486,0.053695737,0.07480561,0.123062909,0.161087212,AllanAdams_2016,M
AllanJones,449.0590722,8.728350515,132.8964082,36.8432429,7.967328865,0.028893331,0.000219141,0.012483526,0.015229323,0.037450577,0.120825194,1.148667173,0.052696677,0.074492254,0.120947076,0.158090031,AllanJones_2011G,M
AllanSavory,609.4247959,6.183826531,124.9591258,40.84397499,11.72303129,0.025295126,0.000204493,0.008891993,0.010608707,0.026675978,0.10273145,1.009810562,0.041446336,0.056972243,0.100163415,0.124339008,AllanSavory_2013,M
AllisonHunt,131.8519444,5.583611111,208.1851792,52.5676733,10.30303942,0.026226985,0.000127402,0.011657036,0.013181766,0.034971107,0.107744966,1.056662146,0.047143944,0.062811226,0.096293151,0.141431833,AllisonHunt_2007,F
AlwarBalasubramaniam,512.3810909,5.356121212,173.8151652,31.25045553,12.97718212,0.024467716,0.000144701,0.009841635,0.01258055,0.029524904,0.112635815,1.09712989,0.045365446,0.065272748,0.110646825,0.136096339,AlwarBalasubramaniam_2009I,M
AlysonMcGregor,465.9371233,5.57390411,214.7596286,45.84792317,13.66826067,0.020578143,9.70E-05,0.008496831,0.009436188,0.025490492,0.087215548,0.893813139,0.036385213,0.05037133,0.083748393,0.10915564,AlysonMcGregor_2014X,F
AlyssaMonks,392.0327778,5.541349206,182.8827661,41.74861514,10.84244754,0.020920528,0.000115952,0.009091415,0.009713638,0.027274245,0.098620704,0.978716242,0.03966116,0.052199303,0.091018711,0.118983479,AlyssaMonks_2015X,F
AmandaBennett,459.2341892,5.264391892,218.4209445,48.14353544,13.17751038,0.021450965,9.95E-05,0.009808267,0.010879154,0.029424801,0.099919466,1.035929458,0.042261661,0.060481821,0.100117757,0.126784982,AmandaBennett_2013P,F
AmandaBurden,537.7651765,6.150117647,188.6244275,42.64323198,10.74671458,0.024775179,0.000132947,0.011347344,0.01170962,0.034042031,0.101187878,0.977804671,0.043609908,0.05625824,0.088625754,0.130829724,AmandaBurden_2014,F
AmandaPalmer,415.49536,5.59088,173.1040461,30.96284319,12.11033374,0.021217265,0.00012547,0.008150885,0.009697264,0.024452654,0.105990025,1.021096177,0.040135426,0.057125889,0.100343331,0.120406277,AmandaPalmer_2013,F
AmberCase,242.1150943,8.170943396,241.3291448,51.09467318,10.75680511,0.025227474,0.000105357,0.01161653,0.013489879,0.03484959,0.110663597,1.119045432,0.050894204,0.070080043,0.109966379,0.152682612,AmberCase_2010W,F
AmeenahGuribFakim,438.68656,6.01056,226.1915256,45.00662221,12.88833835,0.023044177,0.000103574,0.009675979,0.011349747,0.029027938,0.091036465,0.941132646,0.03723905,0.051792905,0.087678364,0.11171715,AmeenahGuribFakim_2014G,F
AmeeraHarouda,261.2357746,5.982394366,268.0307854,47.80735758,13.8949653,0.019358617,7.35E-05,0.008700519,0.010354711,0.026101558,0.085771973,0.929061044,0.035226778,0.049618602,0.082916693,0.105680333,AmeeraHarouda_2016,F
AmiKlin,590.8785427,5.561155779,155.3934506,43.46837843,7.868455682,0.027618601,0.000183155,0.010893763,0.01272394,0.03268129,0.129311518,1.200668218,0.056810849,0.076634598,0.125452996,0.170432548,AmiKlin_2011X,M
AmitSood,356.4922785,6.690632911,164.3795599,40.12205696,9.989146777,0.02448253,0.000153404,0.010229384,0.012329768,0.030688152,0.111488592,1.102765767,0.045368903,0.063249753,0.107571396,0.136106709,AmitSood_2011,M
AmitSood,356.4922785,6.690632911,164.3795599,40.12205696,9.989146777,0.02448253,0.000153404,0.010229384,0.012329768,0.030688152,0.111488592,1.102765767,0.045368903,0.063249753,0.107571396,0.136106709,AmitSood_2016,M
AmoryLovins,709.3296304,5.716304348,119.4125099,27.50828877,8.296282701,0.02637114,0.000223866,0.0094616,0.012047449,0.028384801,0.110022406,1.033420352,0.046404502,0.065769599,0.11026202,0.139213506,AmoryLovins_2005,M
AmoryLovins,709.3296304,5.716304348,119.4125099,27.50828877,8.296282701,0.02637114,0.000223866,0.0094616,0.012047449,0.028384801,0.110022406,1.033420352,0.046404502,0.065769599,0.11026202,0.139213506,AmoryLovins_2012S,M
AmosWinter,317.4466216,8.009324324,141.3205859,36.85875914,10.63066234,0.024179152,0.000172704,0.009373624,0.011493082,0.028120871,0.12606022,1.169289207,0.0566342,0.07704181,0.120065578,0.1699026,AmosWinter_2012X,M
AmyAdeleHasinoff,430.6768644,6.721101695,229.4648323,55.08097447,13.0652863,0.021803909,9.71E-05,0.009322532,0.010110512,0.027967596,0.088328753,0.908115376,0.036945938,0.049412551,0.079280607,0.110837813,AmyAdeleHasinoff_2016X,F
AmyCuddy,620.7107471,6.44045977,255.4102916,43.79571619,11.78066316,0.019007697,7.57E-05,0.008227543,0.009677612,0.024682628,0.113479541,1.099409766,0.045736443,0.064055087,0.112849622,0.137209328,AmyCuddy_2012G,F
AmyGreen,307.3173913,6.433043478,230.3507614,41.0008804,12.70001761,0.020042543,8.80E-05,0.008959561,0.009754,0.026878682,0.098212412,0.990784715,0.041127088,0.057100301,0.096793676,0.123381265,AmyGreen_2017S,F
AmyLockwood,122.8517073,5.408292683,231.2785159,48.75526891,12.90306154,0.020234109,9.00E-05,0.008071328,0.009039228,0.024213983,0.093957278,0.929992015,0.037634503,0.050719881,0.086638286,0.11290351,AmyLockwood_2011G,F
AmyPurdy,260.0713542,5.128854167,259.0319358,45.70746946,10.02366804,0.018920416,7.40E-05,0.00870358,0.009569311,0.02611074,0.109978715,1.105560205,0.048530651,0.066635059,0.108957026,0.145591953,AmyPurdy_2011X,F
AmySmith,431.5795763,6.669576271,274.226803,49.89894133,10.28302653,0.020661874,7.85E-05,0.009578443,0.01124657,0.028735329,0.109433607,1.106958613,0.047594882,0.068122277,0.11424971,0.142784645,AmySmith_2006,F
AmyTan,654.5507692,6.764556213,197.5267201,36.2924488,12.08734103,0.021603002,0.000110651,0.01001045,0.010911187,0.030031351,0.087574447,0.921368449,0.03777803,0.051878312,0.081748884,0.113334091,AmyTan_2008,F
AmyWebb,491.0665385,5.798076923,229.1744048,47.90247162,9.324764537,0.019409023,8.63E-05,0.007750188,0.009204016,0.023250563,0.113437574,1.074650547,0.049785852,0.067134504,0.110070182,0.149357556,AmyWebb_2013S,F
AnandAgarawala,152.0846154,5.637435897,126.0986787,20.50504726,9.415378931,0.023227187,0.000188271,0.008511796,0.010748823,0.025535387,0.103983963,0.994588955,0.041957255,0.059586563,0.099437866,0.125871765,AnandAgarawala_2007,M
AnandGiridharadas,572.0145333,5.111866667,141.8207051,30.69950551,9.732123884,0.023536405,0.000171146,0.009138163,0.011482218,0.02741449,0.111232317,1.099656363,0.047054767,0.065868711,0.109264706,0.141164302,AnandGiridharadas_2015,M
AnandGiridharadas,572.0145333,5.111866667,141.8207051,30.69950551,9.732123884,0.023536405,0.000171146,0.009138163,0.011482218,0.02741449,0.111232317,1.099656363,0.047054767,0.065868711,0.109264706,0.141164302,AnandGiridharadas_2016T,M
AnandVarma,187.4262745,5.825294118,160.376067,28.23620947,10.83012111,0.022436443,0.000140671,0.010237989,0.011915653,0.030713968,0.107874385,1.115092007,0.045669004,0.066230853,0.112961731,0.137007013,AnandVarma_2015,M
AnandaShankar,334.2886747,7.96313253,233.5910304,54.2477018,10.42208502,0.025873237,0.000117984,0.012355116,0.013879566,0.037065348,0.1141818,1.102322638,0.053569914,0.068587787,0.104897777,0.160709742,AnandaShankar_2009I,F
AnantAgarwal,460.7067857,5.863071429,153.8060486,46.98099646,9.038494447,0.02998735,0.000202253,0.010605381,0.013615013,0.031816143,0.123941022,1.122597441,0.049309352,0.070587574,0.12129998,0.147928055,AnantAgarwal_2013G,M
AnasAremeyawAnas,354.6392793,5.331261261,150.9026589,42.3013828,8.965003907,0.027695695,0.000189196,0.011223963,0.014043697,0.033671889,0.132937236,1.223125853,0.058740643,0.08097531,0.129649011,0.17622193,AnasAremeyawAnas_2013,M
AnastasiaTaylorLind,161.8073077,5.462692308,176.3792345,30.10318994,10.47210593,0.022743267,0.000129654,0.010005683,0.011119167,0.030017048,0.116227231,1.105802271,0.050020997,0.069204636,0.113194725,0.150062991,AnastasiaTaylorLind_2014U,F
AndersFjellberg,437.5699281,5.667122302,136.3453352,28.83605933,9.4332406,0.022412231,0.000167981,0.008694674,0.010563775,0.026084022,0.119673832,1.103818383,0.047832241,0.068234051,0.11784741,0.143496722,AndersFjellberg_2015G,M
AndersYnnerman,515.8319512,5.744878049,127.5379705,29.05935793,7.611573117,0.025571364,0.000203826,0.010681899,0.011816897,0.032045696,0.12622997,1.187039266,0.05254982,0.071618259,0.121167452,0.15764946,AndersYnnerman_2010X,M
AndrasForgacs,270.9172222,5.411333333,139.233251,33.77048608,7.63957914,0.026976004,0.000196126,0.008602391,0.011937045,0.025807173,0.117919216,1.065913656,0.050238131,0.068053126,0.109138969,0.150714394,AndrasForgacs_2013G,M
AndreaGhez,442.4073394,7.853944954,256.8324692,76.07536201,10.36744301,0.025059578,0.000100674,0.009981624,0.01114765,0.029944872,0.1036715,1.003655616,0.043171215,0.057596538,0.09113175,0.129513646,AndreaGhez_2009G,F
AndreasEkstrom,279.6003659,6.098414634,142.8543917,35.71226296,8.816923867,0.029254321,0.000211679,0.011310795,0.013535535,0.033932384,0.128503776,1.180555198,0.054103665,0.075047925,0.127861785,0.162310995,AndreasEkstrom_2015X,M
AndreasRaptopoulos,291.5372093,5.956976744,128.4172168,25.48230953,9.313310278,0.027517396,0.000218635,0.009953666,0.013203958,0.029860997,0.121752256,1.1081881,0.047869055,0.065845338,0.109101553,0.143607165,AndreasRaptopoulos_2013G,M
AndreasSchleicher,596.1517788,5.348942308,154.6110111,29.49984126,7.965905697,0.027729779,0.000182834,0.011839739,0.014017488,0.035519218,0.13564808,1.238085164,0.059345176,0.084752838,0.139048098,0.178035529,AndreasSchleicher_2012G,M
AndresLozano,459.3222642,7.740849057,149.6542947,36.96476001,10.08806853,0.028179203,0.000190608,0.011367711,0.014326034,0.034103134,0.124314324,1.189592953,0.054271153,0.076143213,0.127159648,0.162813458,AndresLozano_2013X,M
AndresRuzo,478.7754,5.4432,166.5530443,36.67962405,10.60547,0.027825307,0.000172588,0.011429325,0.013088168,0.034287974,0.108985916,1.058352925,0.048144803,0.064172233,0.10462176,0.144434408,AndresRuzo_2014G,M
AndrewBastawrous,187.5820635,5.383650794,131.7697572,94.72222984,7.286523911,0.030389704,0.000242273,0.012134538,0.014867066,0.036403614,0.147932102,1.34331507,0.06101176,0.095321914,0.17290653,0.183035279,AndrewBastawrous_2014U,M
AndrewBird,499.601087,6.239347826,125.8015127,28.568675,12.52164134,0.028537681,0.00025281,0.013111947,0.015029731,0.039335841,0.11453798,1.080958304,0.05156735,0.066660295,0.097724526,0.15470205,AndrewBird_2010,M
AndrewBlum,334.0345631,6.241067961,114.5641927,23.84330312,6.52459493,0.024365106,0.000215184,0.008491581,0.011472775,0.025474744,0.132096636,1.202536117,0.050229484,0.073902899,0.135856984,0.150688453,AndrewBlum_2012G,M
AndrewConnolly,539.3116463,6.143231707,165.250462,47.16534347,9.500755937,0.028976439,0.000176984,0.011253174,0.013151457,0.033759523,0.104902368,1.02386299,0.046435004,0.06351643,0.096436187,0.139305013,AndrewConnolly_2014,M
AndrewFitzgerald,354.7890361,7.788674699,124.27954,40.1741914,10.85302947,0.023190541,0.000190692,0.008082756,0.010368525,0.024248267,0.111286659,1.035738091,0.044181285,0.063390805,0.107118218,0.132543854,AndrewFitzgerald_2013S,M
AndrewMcAfee,427.049418,8.028624339,128.596353,29.23886724,9.892642874,0.026745367,0.000211696,0.010194718,0.013191501,0.030584154,0.121285434,1.138127019,0.05022274,0.071450559,0.120997661,0.150668221,AndrewMcAfee_2012X,M
AndrewMcAfee,427.049418,8.028624339,128.596353,29.23886724,9.892642874,0.026745367,0.000211696,0.010194718,0.013191501,0.030584154,0.121285434,1.138127019,0.05022274,0.071450559,0.120997661,0.150668221,AndrewMcAfee_2013,M
AndrewMwenda,508.0771166,5.632208589,237.8373422,51.30796282,8.55255505,0.027286941,0.000117052,0.011422831,0.01371765,0.034268493,0.119862766,1.145525157,0.053088142,0.072260089,0.115109407,0.159264427,AndrewMwenda_2007G,M
AndrewPelling,219.7358462,5.657230769,137.444423,45.16202875,9.477834446,0.029319742,0.000223047,0.010621094,0.013359716,0.031863282,0.113911772,1.100185883,0.047511099,0.066483382,0.113219404,0.142533298,AndrewPelling_2016U,M
AndrewSolomon,732.1753247,6.472305195,140.6005548,21.85788756,10.72232314,0.023547033,0.000170189,0.01004435,0.011753937,0.03013305,0.113736096,1.085948204,0.045249861,0.064485903,0.115496769,0.135749583,AndrewSolomon_2013P,M
AndrewSolomon,732.1753247,6.472305195,140.6005548,21.85788756,10.72232314,0.023547033,0.000170189,0.01004435,0.011753937,0.03013305,0.113736096,1.085948204,0.045249861,0.064485903,0.115496769,0.135749583,AndrewSolomon_2013X,M
AndrewSolomon,732.1753247,6.472305195,140.6005548,21.85788756,10.72232314,0.023547033,0.000170189,0.01004435,0.011753937,0.03013305,0.113736096,1.085948204,0.045249861,0.064485903,0.115496769,0.135749583,AndrewSolomon_2014,M
AndrewYoun,398.7818548,5.992177419,142.2002348,30.80112517,7.572913435,0.025655598,0.000181761,0.010715055,0.01323821,0.032145165,0.112127822,1.0979822,0.048851312,0.068017158,0.111144765,0.146553935,AndrewYoun_2016,M
AndyHobsbawm,82.46416667,6.112083333,110.0441746,28.64810044,6.570744044,0.038458029,0.000353215,0.017422754,0.018575337,0.052268263,0.135744802,1.239298192,0.062970809,0.082919897,0.120712486,0.188912427,AndyHobsbawm_2008,M
AndyPuddicombe,271.6152174,5.615217391,154.6827716,33.83856855,12.26410169,0.021284721,0.000140699,0.007366709,0.008825391,0.022100128,0.105583497,1.021977567,0.041096384,0.058454982,0.106934672,0.123289153,AndyPuddicombe_2012S,M
AndyYen,357.8678899,6.339816514,153.6932114,34.31289661,9.567041778,0.028943213,0.0001896,0.012030646,0.01357716,0.036091939,0.128798125,1.205737328,0.056140478,0.07608587,0.126258131,0.168421433,AndyYen_2014G,M
AngelaBelcher,336.4197183,7.800985915,263.640212,41.9039003,12.62887914,0.019660807,7.56E-05,0.008660289,0.009908953,0.025980868,0.089950572,0.931810279,0.036241481,0.050773889,0.086164057,0.108724442,AngelaBelcher_2011X,F
AngelaDuckworth,180.6279688,5.433125,263.738759,70.11637889,11.37593966,0.020882342,8.16E-05,0.008996056,0.01039666,0.026988167,0.107954049,1.064005228,0.046913333,0.066088996,0.106548554,0.140739998,AngelaDuckworth_2013S,F
AngelaPatton,269.0866667,5.267820513,272.71464,59.70855527,10.58082291,0.021578761,8.02E-05,0.010086236,0.011077315,0.030258707,0.10229134,1.06315733,0.046579333,0.063333801,0.098999497,0.139738,AngelaPatton_2012X,F
AngelicaDass,328.8148454,5.79628866,209.228834,43.52867298,10.87426772,0.022493654,0.000108554,0.010302389,0.011869079,0.030907166,0.102212419,1.044340885,0.045816937,0.063182034,0.099946357,0.137450811,AngelicaDass_2016,F
AngeloVermeulen,208.5422414,6.707241379,130.5727581,34.91813999,8.907185459,0.031275164,0.000245758,0.011415061,0.01467487,0.034245184,0.127581243,1.159383198,0.054375186,0.074027812,0.12117474,0.163125559,AngeloVermeulen_2014U,M
AniLiu,220.6994915,6.581016949,199.4291549,48.19666684,11.16224587,0.028634684,0.000145071,0.014267564,0.014685917,0.042802692,0.103608446,1.030386433,0.04781297,0.059508898,0.090215048,0.143438909,AniLiu_2016X,F
AnilAnanthaswamy,397.1487619,7.173714286,155.0265123,25.81659989,7.773611888,0.024090692,0.000156841,0.010736214,0.013029366,0.032208642,0.120634301,1.196029121,0.053250646,0.075220277,0.12645626,0.159751938,AnilAnanthaswamy_2010P,M
AnilGupta,591.6925414,6.124143646,162.6184717,38.3354923,11.72013479,0.032235486,0.000204219,0.011224576,0.014759325,0.033673729,0.118859563,1.128084005,0.049068589,0.070758606,0.122905895,0.147205766,AnilGupta_2009I,M
AnjaliTripathi,347.9507,6.86,234.3227543,51.02565764,11.37371058,0.024673335,0.000106718,0.010908986,0.012574965,0.032726959,0.10530871,1.051039954,0.044463259,0.062470181,0.105513785,0.133389776,AnjaliTripathi_2015X,F
AnnCooper,602.2574419,8.074186047,294.0983527,49.9153255,13.03815285,0.017381435,6.02E-05,0.007062966,0.008540293,0.021188899,0.087259792,0.904789053,0.035658408,0.049449906,0.082616879,0.106975225,AnnCooper_2007P,F
AnnMarieThomas,114.4678947,5.22,273.4343796,61.23626617,9.237050059,0.024912323,9.25E-05,0.011248411,0.01310745,0.033745233,0.112998062,1.142516877,0.05065301,0.069435324,0.113852568,0.151959029,AnnMarieThomas_2011,F
AnnMorgan,371.1566949,5.79,233.1751472,50.44995261,12.45525711,0.022317631,9.68E-05,0.009354425,0.010406443,0.028063275,0.099895223,0.990123529,0.040736255,0.055765322,0.092180886,0.122208764,AnnMorgan_2015G,F
AnnaDeavereSmith,677.2814118,6.070529412,229.8662707,47.12039389,11.79512769,0.022104058,0.000106305,0.009728188,0.010895862,0.029184563,0.098832953,0.998433222,0.043424128,0.059437971,0.095737722,0.130272385,AnnaDeavereSmith_2005,F
AnnaMracekDietrich,292.3556757,6.482837838,212.8305107,39.10624432,8.429841136,0.020410032,9.71E-05,0.009115374,0.010338569,0.027346121,0.109123445,1.064305477,0.047683092,0.065060609,0.103805394,0.143049276,AnnaMracekDietrich_2011G,F
AnneCurzan,521.5127211,5.994965986,254.8052834,67.88350891,11.92364114,0.021108478,8.45E-05,0.009175467,0.010572092,0.027526402,0.1038011,1.045177298,0.043563193,0.060837463,0.101817109,0.130689579,AnneCurzan_2014X,F
AnneLamott,488.2692424,5.922651515,213.8138078,34.62265302,13.3370768,0.017975505,8.50E-05,0.00762256,0.009159718,0.022867681,0.09401295,0.982287113,0.038405227,0.054794688,0.091450714,0.115215681,AnneLamott_2017,F
AnneMarieSlaughter,513.9757895,5.569766082,218.2398927,42.16752478,13.37254999,0.017218626,8.09E-05,0.006656791,0.007848676,0.019970374,0.090595797,0.887857438,0.035846535,0.049276644,0.0833163,0.107539606,AnneMarieSlaughter_2013G,F
AnneMilgram,367.3792105,6.39377193,184.8966027,31.30950852,12.21130947,0.022782684,0.000124919,0.009210157,0.010447905,0.027630471,0.10767573,1.004955863,0.039760745,0.057425988,0.106188297,0.119282234,AnneMilgram_2013S,F
AnnetteHeuser,298.2625,6.201363636,226.7568146,43.96026284,13.02967226,0.020015141,8.95E-05,0.008316326,0.009143462,0.024948978,0.094199522,0.914027301,0.037077084,0.04985573,0.083227217,0.111231252,AnnetteHeuser_2013G,F
AnnieLennox,276.1728571,6.001190476,207.3235381,32.2714998,11.6347035,0.029725553,0.000144742,0.01393834,0.016509467,0.041815019,0.110808569,1.124445943,0.04588928,0.067447205,0.118315898,0.13766784,AnnieLennox_2010G,F
AnnieMurphyPaul,492.0755921,6.310328947,177.6879875,27.48743918,10.88671137,0.019437738,0.000110428,0.008724686,0.010203872,0.026174058,0.102363702,1.042090264,0.041462101,0.058903968,0.10121969,0.124386303,AnnieMurphyPaul_2011G,F
AnoteTong,626.2525837,5.438564593,122.6446707,31.91419987,9.360931198,0.032974031,0.000272632,0.012699412,0.015615502,0.038098237,0.126495383,1.193904537,0.051396572,0.073556122,0.12918407,0.154189716,AnoteTong_2015Z,M
AnthonyAtala,465.3778764,6.736293436,143.5785426,31.95151758,9.27953043,0.024877543,0.000177998,0.009959766,0.011912725,0.029879299,0.110231428,1.062496234,0.047642114,0.065258397,0.104904587,0.142926341,AnthonyAtala_2009P,M
AnthonyAtala,465.3778764,6.736293436,143.5785426,31.95151758,9.27953043,0.024877543,0.000177998,0.009959766,0.011912725,0.029879299,0.110231428,1.062496234,0.047642114,0.065258397,0.104904587,0.142926341,AnthonyAtala_2011,M
AnthonyDRomero,372.3218548,5.280322581,121.9080392,34.81384733,9.09014353,0.027727917,0.000231559,0.011003686,0.014404001,0.033011058,0.116951432,1.132682031,0.047587379,0.069582385,0.125547461,0.142762136,AnthonyDRomero_2017,M
AnthonyGoldbloom,135.2562791,6.028372093,126.7887239,31.09890932,8.351892414,0.024124617,0.000192449,0.009030297,0.011520707,0.02709089,0.118480438,1.127743974,0.04394335,0.065395328,0.128038495,0.131830049,AnthonyGoldbloom_2016U,M
AntonioDamasio,539.5985,8.357916667,137.4996408,29.9483202,8.749604891,0.031698037,0.000232378,0.014758934,0.017100248,0.044276802,0.136627324,1.301337383,0.064271126,0.090052765,0.139864651,0.192813378,AntonioDamasio_2011,M
AntonioGuterres,587.0035669,6.632356688,161.3857221,41.67478637,9.988974905,0.030986656,0.000196712,0.013632798,0.015785095,0.040898395,0.130329455,1.231583548,0.056446689,0.079659212,0.13649836,0.169340066,AntonioGuterres_2015G,M
AntonyGormley,443.1747973,5.364662162,110.1257646,33.00844684,6.717012558,0.03598851,0.000338402,0.015696464,0.018187848,0.047089392,0.141463288,1.29221497,0.06315246,0.088749126,0.149139957,0.189457381,AntonyGormley_2012G,M
AnupamMishra,475.2349624,6.17518797,148.7432603,29.88692928,12.34468141,0.028943953,0.00019697,0.012978635,0.015904905,0.038935905,0.11253775,1.110454151,0.048692988,0.071128392,0.119734795,0.146078964,AnupamMishra_2009I,M
AomawaShields,160.82,6.423863636,191.152394,44.08163805,9.114330219,0.024974792,0.000132093,0.010694956,0.012456782,0.032084868,0.115881173,1.122125983,0.051662027,0.070217333,0.10919311,0.154986082,AomawaShields_2015U,F
AparnaRao,248.8522785,5.738227848,195.5794828,34.01318213,12.74626087,0.02341368,0.000122786,0.01021885,0.011752626,0.030656549,0.102621931,0.993467938,0.044387189,0.060978295,0.102394605,0.133161566,AparnaRao_2011G,F
AparnaRao,248.8522785,5.738227848,195.5794828,34.01318213,12.74626087,0.02341368,0.000122786,0.01021885,0.011752626,0.030656549,0.102621931,0.993467938,0.044387189,0.060978295,0.102394605,0.133161566,AparnaRao_2013U,F
ApolloRobbins,233.4984848,5.782727273,167.4702405,37.54038116,9.337021188,0.024383639,0.000148174,0.009494188,0.011154045,0.028482563,0.117374312,1.098710581,0.048443605,0.065137261,0.109894318,0.145330816,ApolloRobbins_2013G,M
AriWallach,423.9826496,6.053247863,177.9781234,42.86933697,10.39805882,0.029760864,0.000169429,0.013615015,0.015167213,0.040845045,0.120970908,1.153905356,0.054196333,0.074326945,0.119868402,0.162588999,AriWallach_2016X,M
AriannaHuffington,127.125625,5.728125,268.6938852,55.61477105,12.87617849,0.020447103,7.74E-05,0.010314768,0.011558258,0.030944304,0.103851999,1.087772107,0.047146784,0.064322778,0.102538307,0.141440352,AriannaHuffington_2010W,F
ArielGarten,452.12,6.132132353,266.5242599,46.15073497,9.961432213,0.027357863,0.000103286,0.013575132,0.015416544,0.040725397,0.120065089,1.213912902,0.057383125,0.079859432,0.122724547,0.172149376,ArielGarten_2011X,F
ArisVenetikidis,476.4696599,6.015986395,159.5171754,48.66608581,7.08463745,0.025723247,0.00016413,0.010766427,0.013277887,0.032299282,0.130257817,1.235285637,0.056806157,0.080104462,0.129291458,0.170418471,ArisVenetikidis_2012X,M
ArthurBenjamin,299.0626866,6.801865672,191.8020296,42.78540762,9.834390535,0.020192193,0.000108308,0.008339374,0.009858049,0.025018123,0.11226894,1.085763517,0.047820649,0.065855105,0.112096083,0.143461946,ArthurBenjamin_2005,M
ArthurBenjamin,299.0626866,6.801865672,191.8020296,42.78540762,9.834390535,0.020192193,0.000108308,0.008339374,0.009858049,0.025018123,0.11226894,1.085763517,0.047820649,0.065855105,0.112096083,0.143461946,ArthurBenjamin_2009,M
ArthurBenjamin,299.0626866,6.801865672,191.8020296,42.78540762,9.834390535,0.020192193,0.000108308,0.008339374,0.009858049,0.025018123,0.11226894,1.085763517,0.047820649,0.065855105,0.112096083,0.143461946,ArthurBenjamin_2013G,M
ArthurBrooks,417.2793846,6.061461538,172.3930027,47.87512651,9.513040798,0.024398969,0.000144155,0.009413158,0.011379822,0.028239474,0.116703846,1.118928044,0.048744391,0.068900457,0.113766352,0.146233172,ArthurBrooks_2016,M
ArthurGanson,469.9834247,5.461164384,142.0300946,36.28297474,8.307180323,0.025280638,0.000182054,0.010630486,0.012469618,0.031891457,0.120626227,1.152168805,0.055682257,0.073916883,0.116503455,0.16704677,ArthurGanson_2004,M
ArthurPottsDawson,263.5409412,5.685294118,111.8150808,22.14308113,8.98586323,0.026346962,0.000238035,0.010375946,0.012695536,0.031127837,0.124068636,1.183398088,0.050477414,0.0722481,0.115803822,0.151432241,ArthurPottsDawson_2010G,M
ArunachalamMuruganantham,267.0613846,5.944153846,195.4047121,38.40380687,12.57120709,0.028392385,0.000147517,0.01222908,0.014908623,0.036687239,0.105583802,1.070701185,0.043656221,0.062907586,0.11356388,0.130968663,ArunachalamMuruganantham_2012S,M
ArvindGupta,453.7621875,5.70671875,232.4935209,54.26410378,6.201330801,0.03170001,0.00014017,0.013663438,0.016269061,0.040990313,0.13361199,1.265930521,0.061473279,0.08327249,0.131261547,0.184419836,ArvindGupta_2010P,M
AshBeckham,386.630905,5.853076923,166.9156274,33.32347853,11.69446766,0.018653739,0.000118525,0.006970678,0.008303784,0.020912033,0.105157676,1.034500779,0.040043544,0.057189599,0.102257886,0.120130632,AshBeckham_2013X,F
AshBeckham,386.630905,5.853076923,166.9156274,33.32347853,11.69446766,0.018653739,0.000118525,0.006970678,0.008303784,0.020912033,0.105157676,1.034500779,0.040043544,0.057189599,0.102257886,0.120130632,AshBeckham_2014X,F
AshadeVos,158.3645098,6.130980392,224.7286536,53.47892027,11.71210234,0.024526301,0.000111765,0.010998007,0.01285727,0.03299402,0.100004319,1.025928439,0.043833704,0.061044956,0.095245756,0.131501111,AshadeVos_2014U,F
AsherHasan,115.6513333,6.549333333,151.784012,40.18073786,13.12490763,0.024891453,0.000165685,0.009398586,0.011462557,0.028195758,0.114885012,1.099559015,0.040854667,0.061933575,0.120004664,0.122564001,AsherHasan_2009I,M
AshleyJudd,485.9370833,6.24225,226.7709243,51.53339547,12.16878739,0.020731962,9.54E-05,0.008366731,0.009778261,0.025100194,0.095861414,0.949231073,0.039911838,0.054984251,0.090920754,0.119735514,AshleyJudd_2016W,F
AshrafGhani,510.7401183,5.343964497,190.5482646,49.88996356,10.02437513,0.032531521,0.00018015,0.012799602,0.015853022,0.038398806,0.115731969,1.123773678,0.049773137,0.072345408,0.118054977,0.14931941,AshrafGhani_2005G,M
AshtonCofer,182.106,5.964181818,175.3650869,38.02332711,10.40864274,0.022897343,0.000131893,0.008499482,0.01033062,0.025498447,0.117420356,1.109329725,0.046260538,0.067175448,0.116923505,0.138781615,AshtonCofer_2016Y,M
AspenBaker,147.0387179,5.41974359,180.350809,45.4297798,8.593134968,0.026126954,0.000151586,0.01165858,0.012810318,0.034975739,0.102178604,1.016797856,0.045968163,0.061481494,0.095481326,0.137904489,AspenBaker_2015W,F
AstroTeller,460.7510323,5.638258065,143.2300996,43.76857897,7.491185592,0.028188948,0.000200298,0.01086886,0.013183567,0.03260658,0.117282111,1.123927459,0.051257746,0.070205356,0.115540226,0.153773237,AstroTeller_2016,M
AtulGawande,554.6860465,5.949825581,131.537955,25.31845449,9.693415803,0.027028351,0.000209732,0.011098982,0.013022119,0.033296945,0.108142723,1.038985309,0.045500449,0.064851881,0.104486274,0.136501346,AtulGawande_2012,M
AubreydeGrey,657.5766667,7.11128655,150.6929847,46.40633885,9.680171421,0.031186703,0.000209991,0.013075903,0.015513312,0.039227708,0.132642811,1.222172258,0.056675666,0.081754814,0.136147038,0.170026997,AubreydeGrey_2005G,M
AudreyChoi,369.8854237,6.024067797,199.7243283,51.34338017,9.187382439,0.027874895,0.000144085,0.012679035,0.012995713,0.038037105,0.122010726,1.164141349,0.054667095,0.071383452,0.115595298,0.164001285,AudreyChoi_2015S,F
AukeIjspeert,427.6785124,6.412396694,165.1701413,43.52208379,10.72959746,0.033483909,0.000204751,0.014702268,0.017540154,0.044106803,0.12594643,1.203656013,0.053825557,0.077752688,0.131127517,0.161476671,AukeIjspeert_2015G,M
