,filename,duration,meanF0,stdevF0,hnr,localJitter,localabsoluteJitter,rapJitter,ppq5Jitter,ddpJitter,localShimmer,localdbShimmer,apq3Shimmer,apq5Shimmer,apq11Shimmer,ddaShimmer
0,911Mothers_2010W,343.8900000000001,192.0816347118565,36.83923250863276,10.996095591374255,0.023023799312989625,0.00012146858732148566,0.011177197818377484,0.012090581690370665,0.033531593455132555,0.11307850992105467,1.1408901381525778,0.05272029169101109,0.0709769281573951,0.11204754584557032,0.15816087507303336
1,AJJacobs_2007P,955.2399999999996,158.77671716776064,32.0055563920771,9.173821422656353,0.01626802673163926,0.00010341995498682244,0.005897519783904996,0.006615851633318404,0.017692559351715088,0.10647819276487577,1.041411805770552,0.046154237429813345,0.05917906395030286,0.098608214049345,0.1384627122894402
2,AJJacobs_2011P,420.7500000000002,169.3201669285976,34.494579126479444,11.210682300614307,0.020544517456946222,0.00012206707711874272,0.008003081714340403,0.008970821637919391,0.024009245143021305,0.09775532433275817,0.9517221727463953,0.039496760663725095,0.05348817994826822,0.08912402719121622,0.1184902819911754
3,AJJacobs_2014A,508.96,189.95702095710047,37.45118560618975,10.781180445893368,0.016620378704101584,8.818873495287386e-05,0.005741391231758258,0.006770132708752964,0.017224173695274878,0.09886842122853236,0.994126095263277,0.03953394555048688,0.054624434274839095,0.09494202969326289,0.11860183665146079
4,AalaElKhani_2016X,786.9600000000006,244.58980423279448,40.16649321916038,12.47615896384749,0.022858836667344663,9.416122203536821e-05,0.010836275183507897,0.01262657711476001,0.032508825550523764,0.11134343870443951,1.125483489486909,0.04809688671425988,0.0698065949024705,0.11518290148341158,0.1442906601427798
5,AaronHuey_2010X,795.1999999999998,140.56885045989503,18.29681016329614,8.180549295086795,0.023077838908363256,0.00016533669035101423,0.009850469717855975,0.012114761745316617,0.029551409153568034,0.12187904798605488,1.1424955745214354,0.052247798435004975,0.0719851798982791,0.11877800398206632,0.15674339530501497
6,AaronKoblin_2011,833.33,141.0380998769535,25.17044003425342,9.410699225471783,0.025486984580382885,0.0001814623585420025,0.011629409847784542,0.014350273706497878,0.034888229543353695,0.12654542918922876,1.193284102670405,0.05679210994639487,0.08030750806128355,0.13158503212420483,0.17037632983918471
7,AaronOConnell_2011,428.6400000000002,121.76969859856176,30.58574210884863,8.042359993948212,0.027820598041671467,0.00023124766546870091,0.011809835175824221,0.014741492417265585,0.03542950552747276,0.1250240240725054,1.1744917473296026,0.05823743181975111,0.08086307754443663,0.12164429963259754,0.17471229545925332
8,AbeDavis_2015,838.6300000000007,205.8574741338498,58.22512336803101,8.384705729454685,0.02729118426434373,0.00013379923284292307,0.011576175479148888,0.013445086487460109,0.03472852643744678,0.12067563534704719,1.166529950771711,0.05419657126308269,0.07490647742502603,0.11771016592407033,0.16258971378924822
9,AbhaDawesar_2013G,664.7300000000004,254.71942068227068,45.19186034187432,14.991570692370896,0.01573174825607219,6.244813898261689e-05,0.006257794167487332,0.007076661203827054,0.018773382502462087,0.09220586478734905,0.9031825679357073,0.03420743005639037,0.04910480085353001,0.08922035215244135,0.1026222901691712
10,AbigailMarsh_2016T,695.7900000000003,234.50621669458786,53.51096051217882,10.215681119808693,0.02456526678927084,0.0001056685105405131,0.011590449258073617,0.013121724450885604,0.034771347774220945,0.11577099652387002,1.1585830196761642,0.052878703545890665,0.0720802542261875,0.11272055327426565,0.1586361106376721
11,AbigailWashburn_2012U,273.8799999999999,195.06323052855134,39.93578158406355,13.855645789717459,0.017514589117970457,9.119452270631113e-05,0.007460709953320446,0.007970254499270416,0.022382129859961426,0.07237371897696748,0.723503244563468,0.029501312285612428,0.03951787934051775,0.0626296052750985,0.08850393685683744
12,AbrahamVerghese_2011G,1029.4699999999998,140.4418043215719,26.251438886934938,9.06211536907383,0.022341016120073807,0.00016045816582448317,0.008709993334414664,0.010858012442127559,0.026129980003244107,0.11498522747670621,1.1004481597826616,0.04782814133816013,0.0679132869081042,0.11665737058155481,0.14348442401448047
13,AchenyoIdachaba_2015W,361.4300000000001,192.9542616832109,52.50359883080918,10.449191346896042,0.024458804367479475,0.0001276834914699554,0.010858599894105751,0.012245266172951574,0.03257579968231736,0.1100467171189983,1.1037049298684847,0.048491875788250684,0.06655502491028414,0.10631561122702468,0.14547562736475214
14,AdamDavidson_2012S,1073.33,156.45718906155918,40.73871660076785,9.119808256972572,0.023977886316158242,0.0001551562069925826,0.00952438696267404,0.011139407500768857,0.028573160888022215,0.12582097561729536,1.172910331817371,0.0571634465327417,0.07633376070229296,0.12075046350313273,0.17149033959822524
15,AdamDriver_2015P,869.0499999999997,159.97514317588258,31.38307787755452,10.27942052398929,0.02605188913501667,0.00016813760284995857,0.010728375425569786,0.013020184860224175,0.03218512627670947,0.11793714724875529,1.149977193843604,0.04845936571857192,0.06984843844500965,0.12171569218301859,0.1453780971557158
16,AdamFoss_2016,827.6800000000003,136.1539982131078,33.58931166101793,8.028544955579571,0.02374124982618795,0.00017718412833469413,0.009511261856811611,0.012108432011612389,0.028533785570434952,0.1148311939409544,1.1141075265230147,0.048602160073446324,0.06854696251452384,0.11438211068926597,0.14580648022033896
17,AdamGalinsky_2016X,823.9700000000003,218.30381882231532,50.57258736397593,12.310335839469783,0.021978294374955173,0.00010258153907397513,0.008750444653282518,0.009780237020291096,0.02625133395984762,0.09975410708351773,0.9769629407747072,0.04106105616125393,0.055822406558028496,0.09285217720550332,0.1231831684837618
18,AdamGarone_2011X,833.0200000000001,136.10402457094938,26.616352833539274,9.220504982523927,0.022625580196069753,0.00016799963546132422,0.00809096943506798,0.010502947246777397,0.02427290830520405,0.13015661711638557,1.2001007588637234,0.055668309266374144,0.07879219061399603,0.1358583527001467,0.16700492779912252
19,AdamGrant_2016,829.9899999999999,226.22573048942803,54.65802343783029,9.313718905996536,0.024548219744850712,0.0001099164254114464,0.010699852584020546,0.012327629175983254,0.03209955775206171,0.12378800744257512,1.199739854862063,0.05278766649133633,0.07450172066132327,0.12369378794848676,0.15836299947400898
20,AdamGrant_2016S,705.4399999999998,183.16868258187466,54.42721207233389,11.198304055642831,0.02573142587011092,0.0001427309165061248,0.009830821025335529,0.01174498206206365,0.029492463076006673,0.1116095845832167,1.0546324911896183,0.04565492190018007,0.06408749932093144,0.10971036578931678,0.13696476570054023
21,AdamGrosser_2007,144.28000000000003,123.60455641321406,30.35604869899571,8.784578366978407,0.02767370043044617,0.00022670065461465383,0.011762011403747623,0.01406723415449262,0.03528603421124297,0.1206218267316615,1.1325946908834452,0.05138480848188604,0.07343317834277474,0.11729944016598368,0.15415442544565822
22,AdamOckelford_2013X,528.5800000000005,124.71809953046403,35.99599974044344,7.248351743846272,0.02740244434257683,0.00022818420955029949,0.012552126671115878,0.01432760950146839,0.03765638001334775,0.14784140055554165,1.35037292208187,0.06794307865473152,0.09342562025470444,0.15051341665741472,0.2038292359641947
23,AdamOstrow_2011G,276.9000000000001,145.52635319319532,29.626592021998306,10.673966154095494,0.022525251846259933,0.00015536596830974914,0.008824897186464944,0.010518447076188497,0.02647469155939492,0.11240131816781661,1.0516979519104956,0.045169911942398736,0.0644344965465515,0.11142782359909013,0.13550973582719636
24,AdamSadowsky_2010X,344.78000000000026,140.34163439196766,38.422472948808085,7.2786484572931345,0.02595778966973087,0.00018755358692904692,0.011046458024347575,0.014112694407549031,0.03313937407304283,0.12155021423501011,1.1497418233078753,0.05619717510703384,0.07494505051451988,0.11432874782396142,0.16859152532110155
25,AdamSavage_2008P,799.5000000000007,170.82710422779067,38.72432724278894,10.645467148969256,0.027823717472528167,0.00016536452000147104,0.011676358211827472,0.01445555623772606,0.03502907463548251,0.1152254162402324,1.1163204332713041,0.04967681962486909,0.07075780718869579,0.1158708522186687,0.1490304588746073
26,AdamSavage_2016,706.9999999999999,158.19432913653782,39.67641476314888,10.606648838554758,0.028880975785923236,0.00018648696178020938,0.011495450747249291,0.014247233634662316,0.034486352241747946,0.11435155030578259,1.098228575548151,0.04877517487555142,0.06777771444599731,0.1079605359547693,0.14632552462665432
27,AdamSpencer_2013,847.7799999999999,170.52050271694503,38.46623551468467,11.169676711730267,0.021224078076158674,0.0001278859687314122,0.007789087223481031,0.00940461132187076,0.023367261670443194,0.10096322325274627,0.9956227128409786,0.03753413654995473,0.05448734998740142,0.10001499700701622,0.1126024096498643
28,AdamdelaZerda_2016X,727.0100000000001,111.98321845256,23.59039618033149,8.801776939494395,0.03164741925306236,0.00028556224552692757,0.012128548190747993,0.01429369767945125,0.036385644572244066,0.13295615993657128,1.2362292934834138,0.051634258994004,0.07740016472314112,0.13831069285582462,0.15490277698201202
29,AditiGupta_2015X,573.1299999999999,216.55255561942016,39.39311526120436,12.889050001093349,0.020956506613536405,9.843945094491541e-05,0.009547876323166714,0.011389437399572775,0.02864362896950025,0.10762270062426889,1.0892657833030368,0.044427471408951584,0.06243336631093092,0.10790390168547219,0.13328241422685486
30,AditiShankardass_2009I,401.32,219.15654912611296,36.47840078726517,9.1268425615708,0.016360135264188863,7.516173718573179e-05,0.007242652275604964,0.007803465716799216,0.021727956826814984,0.10767808532539049,1.057787825991076,0.04761828184430486,0.06176543293942268,0.09657051801134632,0.14285484553291475
31,AdoraSvitak_2010,427.23999999999995,268.1518942093139,56.62677654783069,11.898436469597774,0.016370231994447173,6.176585659765585e-05,0.006748308957299639,0.007602554791484951,0.020244926871899018,0.0875275553492432,0.8724010721159902,0.037618823438170614,0.050523927849925834,0.08248466679804373,0.11285647031451192
32,AfraRaymond_2012X,971.4100000000007,110.97824166308524,23.133616241057336,8.755093076799533,0.0352720482313232,0.0003265253061107821,0.014292746870900246,0.0180677732497435,0.04287824061270084,0.15109009158911646,1.321027440624923,0.05794044679398036,0.08226589981360073,0.13442189806999738,0.1738213403819411
33,AimeeMullins_1998,800.8999999999996,210.40056623201826,39.4255751758069,9.395062330788084,0.019588317503251552,9.406979223930787e-05,0.009345516694623012,0.009942619968117227,0.02803655008386913,0.12447831981894726,1.1939765201737627,0.05831369961378214,0.07827976586787805,0.11747892599096948,0.1749410988413465
34,AimeeMullins_2009U,414.30000000000007,214.52292881501333,43.37087410099823,12.236989646905498,0.01954706293932211,9.201224121970983e-05,0.008207863924695321,0.009422745247499503,0.024623591774086073,0.1093442671417867,1.067658780623921,0.04145626185953485,0.060039696384829325,0.10879730072993057,0.12436878557860466
35,AjitNarayanan_2013,807.04,204.21713984680267,60.50524114915286,10.991037926784857,0.026385402390770942,0.0001321440217816848,0.010441721246584854,0.012732696736586543,0.03132516373975468,0.1254345535790466,1.1870705874296599,0.050601018876930436,0.07240614216847213,0.12691190512849754,0.1518030566307914
36,AlGore_2006,783.2999999999996,141.41459776425683,36.262554918763485,8.57726922507473,0.0269250319617286,0.0001971087629947277,0.010958903442301783,0.012993500327574705,0.03287671032690545,0.1065310835726044,1.027394805783258,0.04741921218288957,0.06500410762737673,0.10369408764660945,0.14225763654866877
37,AlGore_2008,1315.1200000000015,147.5132907034307,35.01123640035849,9.33684823921624,0.02630246455710301,0.00018521194060261412,0.01042710189462308,0.012476030734904315,0.031281305683869345,0.10651680574070545,1.0354175211184975,0.046279431458632087,0.06390575318463607,0.1055376309968408,0.13883829437589634
38,AlGore_2016,1343.8300000000008,165.2024728655838,31.44174575035657,9.528961287485341,0.020091654021719238,0.00012442230340416533,0.007889636088552626,0.009415050128076558,0.023668908265657974,0.10261746332612058,1.0112128735476282,0.04313293674940617,0.05866516383762268,0.09722588851603903,0.12939881024821856
39,AlSeckel_2004,473.6300000000002,156.69530208668374,36.52346840672942,10.609717027031508,0.02590134645481018,0.00017211097925337205,0.010475405101694407,0.012552238715685777,0.03142621530508333,0.10592406014483917,1.0396739696577015,0.04515294282794738,0.06502515221880445,0.1092205636914576,0.13545882848384222
40,AlVernacchio_2012,467.89000000000016,174.28398915012596,45.58248815908581,11.779231719425727,0.023799720480710048,0.0001402985015345802,0.008894135017076588,0.010423453041108383,0.026682405051229874,0.1151131774910488,1.0792120145633706,0.04739012878300489,0.06593422560179361,0.10891000565956932,0.14217038634901477
41,AlaaMurabit_2015W,639.2200000000005,225.451142969563,51.28828821383233,10.548549816310041,0.02190633669811734,9.917715064090267e-05,0.009541130808977017,0.010660353062483965,0.028623392426931175,0.09377139466803588,0.9605686194891272,0.04042682614775904,0.0557987106435048,0.08887393631073474,0.12128047844327716
42,AlaindeBotton_2009G,876.4300000000009,157.40456296108135,43.14401169365116,9.094589410322513,0.030059658533873664,0.00019338666943828089,0.011229653007342867,0.013461043814596485,0.03368895902202871,0.11706702068593043,1.1051624122405996,0.04932523889965481,0.06799774737542934,0.10972421586275206,0.14797571669896445
43,AlaindeBotton_2011G,1030.1200000000001,135.62491965786077,39.8088909780984,7.698013678467474,0.029618801708029566,0.0002204792615391171,0.01205070279889319,0.014639839243081813,0.03615210839667967,0.1337866473277486,1.2428271826312962,0.05923471193998846,0.0829285580526451,0.13196700083759685,0.1777041358199655
44,AlanEustace_2015,673.9099999999997,158.14624764805882,29.68748597108388,10.333862432190283,0.022074490831163206,0.00014178854670732468,0.009404473131551837,0.011327225507126242,0.028213419394655603,0.10211499256162494,1.0293831911530615,0.04500445520480436,0.06200384600460294,0.09838941038913611,0.1350133656144132
45,AlanKay_2007,973.9799999999998,154.64720320016244,24.42077338376335,9.8119762239085,0.020978539216095108,0.00013691955278595053,0.009180749241228607,0.011123548086149812,0.027542247723685905,0.11402886886947605,1.0963441227963688,0.05098284337937252,0.07221702745184574,0.11346505642362958,0.1529485301381176
46,AlanRussell_2006,1020.2600000000001,126.48810199824057,28.550659688965528,9.339049123460805,0.025865042055976215,0.00020754453387973306,0.010652419359377222,0.013222891403105235,0.031957258078131774,0.11608225903412923,1.1027591145025848,0.05114100108841257,0.07149461667171979,0.11458856919984926,0.15342300326523786
47,AlanSiegel_2010,219.70000000000007,115.55638414494635,16.939160498215657,11.710513059405214,0.02627623915546919,0.00022953211340193849,0.010712048835435766,0.01405609831003092,0.03213614650630737,0.09702657133710621,0.9846089390181693,0.04096037812628947,0.058589705364968304,0.09907893770910935,0.12288113437886852
48,AlanSmith_2016X,716.0299999999997,149.37580290404054,37.54619617487882,10.221159953734189,0.026999280718441616,0.00018317934604838762,0.010621404270453228,0.01298964133630763,0.031864212811359774,0.11929198072938431,1.1479419783973144,0.04801351940161865,0.06980781749443597,0.11877425176004777,0.14404055820485612
49,AlannaShaikh_2012G,323.0199999999999,175.7693338647562,36.02784429218913,9.952160766979354,0.02527611432759007,0.00014578652450223926,0.010719078264208655,0.012249007303055675,0.03215723479262606,0.09198611589901008,0.9207675944699283,0.03866373357338472,0.052663531050527214,0.08468986121521518,0.11599120072015426
50,AlastairParvin_2013,680.6300000000002,135.74322139599465,32.42700814846577,9.832922689591193,0.024672609159092574,0.00018456641086351996,0.008623652620347649,0.010983675567288968,0.02587095786104306,0.11503006035455388,1.0862693488812243,0.04475369410119649,0.06365615960059082,0.11573581115548971,0.13426108230358957
51,AlbertoCairo_2011X,868.869999999999,171.15718525510303,34.10905594545443,10.206746858329,0.028019829237707274,0.0001671963174450274,0.012429183685956616,0.013612508661810106,0.03728755105786995,0.09818155591834436,0.9868811854551442,0.0411330437102953,0.055328006186881024,0.09165020634536737,0.12339913113088602
52,AlecSoth_2015,523.3300000000003,169.49002735959732,39.76873383531618,10.031608191533678,0.024902168686005734,0.00015612133995466477,0.01122223158842139,0.01301888895363304,0.033666694765264245,0.1158588817807104,1.156833630998752,0.05050043017037568,0.07038014222412209,0.11433695205040571,0.15150129051112704
53,AlejandroAlvarado_2016X,710.9699999999999,194.21610289201237,40.8088849469466,12.737055194562203,0.022786251003891554,0.00011856588128696197,0.009149031208216736,0.010481118344602752,0.027447093624650303,0.09576051529509831,0.9799305230194661,0.03770670108055401,0.05220702103968221,0.08962375774901067,0.11312010324166216
54,AlejandroAravena_2014G,800.6200000000001,186.05977725503433,42.275704010091395,11.039361064324984,0.02770124591576572,0.00015107153704064892,0.01189856263527994,0.014377827646532292,0.035695687905839914,0.09045883348431005,0.9686121290079185,0.040900078433306675,0.056523917781724484,0.08739455316914942,0.12270023529992012
55,AlessandraOrofino_2014G,828.7299999999997,291.9731989970583,55.63680576432687,15.855411704013745,0.017860733310077703,6.189373989233009e-05,0.008035111578213279,0.009113371196301328,0.024105334734639956,0.07129081873258998,0.7738937627027093,0.030348296838286305,0.04118895683961828,0.06645608350736165,0.09104489051485894
56,AlessandroAcquisti_2013G,806.7200000000001,136.0547115708755,34.97370000917949,10.229423260163433,0.027290672458485734,0.0002027178780883946,0.00872829934544193,0.011464410129342685,0.026184898036325885,0.10761606980183576,1.0106679360650086,0.043045221607843354,0.060363356510767276,0.10334870237471465,0.12913566482353014
57,AlexKipman_2016,961.0200000000001,162.1911152755173,47.770674049456986,8.136484404100052,0.027435647119784128,0.00017286071242007833,0.011817157150833497,0.014083982456091602,0.03545147145250056,0.11957900131623483,1.1744811391611911,0.05314412281692014,0.07317729030516068,0.1194749152875316,0.15943236845076053
58,AlexLaskey_2013,443.7100000000001,154.94364623714097,35.473788593126294,9.293774159877046,0.021501572496289156,0.0001399755104506692,0.008482352816806238,0.010513937966769998,0.025447058450418815,0.10936441504783163,1.0527195710074282,0.04454411186096,0.0640172686380769,0.11340282653147667,0.13363233558288015
59,AlexSteffen_2005G,961.2700000000004,127.30260049091775,27.773768717189803,9.11959267336597,0.02602311012221844,0.0002067225181055197,0.009132401013437234,0.012357817520192016,0.0273972030403118,0.12060145926001274,1.1299006650818382,0.04883611753855615,0.06956921721440565,0.11611043291478769,0.14650835261566855
60,AlexSteffen_2011G,556.5400000000004,148.32860099267324,41.60972294901876,10.803107551221478,0.027965639661100068,0.00019048776242454847,0.009201577674291738,0.012393778947219478,0.02760473302287531,0.09885974509862519,0.9520311960111056,0.04091029627495487,0.05654253249300259,0.0922281969929465,0.1227308888248646
61,AlexTabarrok_2009,754.82,162.3891653560603,34.133265626975174,12.556981323555044,0.022724630834135878,0.00014200141878167435,0.00954167294637871,0.011619635991800716,0.028625018839136238,0.09414201059196245,0.9492917604868187,0.03957911000610577,0.056793397455117314,0.09474866631678287,0.11873733001831738
62,AlexWissnerGross_2013X,632.9000000000002,135.6469052390143,33.763828186961646,9.134840097133413,0.02833682100627066,0.0002129246822594736,0.009868958670379452,0.012810370965885848,0.029606876011138466,0.12135997330500255,1.1189062807507895,0.05050260936136116,0.06948673901318168,0.11468137705110766,0.15150782808408358
63,AlexaMeade_2013G,379.43999999999994,212.3482186761172,45.83937882416847,12.034124755234101,0.019988241716450188,9.503467656300992e-05,0.008623293501209418,0.009049993583062205,0.02586988050362835,0.10767516716115101,1.018883917161134,0.04429735594493654,0.05971965719447258,0.0986165227202946,0.13289206783480972
64,AlexanderBetts_2016,1039.0200000000007,166.6078532307997,45.019873655489576,9.070050433304978,0.026019696309408476,0.00015782179379569375,0.010017206394116794,0.012082315767409462,0.030051619182350497,0.12085965961332329,1.1577554038528186,0.05026636186845354,0.07154573305410938,0.11932302496706008,0.1507990856053606
65,AlexanderBetts_2016T,911.8100000000005,154.34521885188153,42.6392828856625,9.268763209906574,0.027038116264643322,0.00017686014956760088,0.010560357897665388,0.013180363862564517,0.03168107369299628,0.11746514520340906,1.1258552552372418,0.048512103998276726,0.06953186070699535,0.11498648438846874,0.1455363119948303
66,AlexanderTsiaras_2010P,516.8299999999999,124.026130862876,42.263238217313386,6.654881085575838,0.02703599683722259,0.0002199162587423294,0.012942743274584438,0.015936562762458657,0.03882822982375342,0.1526720567514024,1.3745233935380547,0.07207954257271164,0.09336800258445056,0.1397696932634579,0.21623862771813498
67,AlexisOhanian_2009I,217.29999999999995,129.32471592238107,28.68200020375517,7.4018324242314035,0.025155112272111174,0.00019549209270240184,0.009551218434483867,0.011955487396545917,0.02865365530345173,0.14193641019900094,1.3059970601486088,0.05836354654426971,0.08287613264829549,0.14532601662764605,0.17509063963280924
68,AliCarrChellman_2010X,713.2900000000003,253.12187794638876,51.49275695327749,14.620000197217651,0.019986429776326423,8.029126209169739e-05,0.008466495860316751,0.009025622750720528,0.025399487580950363,0.07712083225097319,0.7648754369856549,0.033686902759809075,0.04354820330838072,0.0663340461472321,0.10106070827942736
69,AliceBowsLarkin_2015G,805.0799999999998,258.7487550651718,50.04337032085946,12.90988567036146,0.021235841853185004,8.354639932330052e-05,0.008878545477901692,0.01041049099944388,0.026635636433705177,0.08784902313315,0.9149007588618173,0.036406572887305776,0.05115644736843851,0.08421503580045613,0.10921971866191742
70,AliceDreger_2011X,1059.2,253.83726009135967,61.11551914213857,11.918205573210995,0.02473506336383829,9.83267173818643e-05,0.011395292218520947,0.01349263150069028,0.03418587665556291,0.12429960063653453,1.1926503551505798,0.055942126143978026,0.08037977491753567,0.12570731842429061,0.16782637843193426
71,AliceGoffman_2015,862.5400000000002,240.41906493160616,43.67204641199489,12.011440203973617,0.022757335478641463,9.540753124533244e-05,0.009739728493728958,0.011686530226374362,0.029219185481186953,0.1052621141703184,1.0432090665894802,0.04387084853010233,0.06172018500101975,0.10181101919181185,0.13161254559030705
72,AliceRawsthorn_2016,657.0400000000001,200.51270126833444,44.7584320879035,12.066932701766483,0.02036294814426032,0.00010219349271384238,0.008561258930559415,0.010347552321677242,0.02568377679167837,0.09567332840263425,0.9599981801257995,0.0413981175695377,0.056737833773116295,0.08902790732234313,0.12419435270861326
73,AliciaGarzaandPatrisseCullorsandOpalTometi_2016W,861.2600000000004,191.71692141440144,42.9294814663705,11.195834710730153,0.023792408076310067,0.00012732689653152147,0.010238248629911509,0.011586958037654926,0.03071474588973462,0.0993098548264978,0.9737923917366961,0.040556632853890155,0.0553550065735269,0.08991968342998984,0.12166989856167054
74,AlisaMiller_2008,179.9,262.7626432678266,54.24918458676739,12.266803102153828,0.017825357487490937,6.891308117802494e-05,0.008025733847851593,0.008900670809069885,0.02407720154355487,0.07990859799344081,0.8271325580717547,0.0349226015307969,0.04719020419978632,0.0727551391986999,0.10476780459239078
75,AlisonGopnik_2011G,909.8499999999996,255.54484569318942,68.82719104831631,10.440258400183524,0.02503533297734461,9.904356049165979e-05,0.011294521225057448,0.012654932545870636,0.03388356367517246,0.1121852551339336,1.1179909253635356,0.05111551412017296,0.06998160909145967,0.10789225955972101,0.15334654236051898
76,AlisonJackson_2005G,882.11,172.48683899834066,34.12964469687055,9.297548794615349,0.027991172523999554,0.00016489705047076207,0.013244204018452487,0.015213535750675545,0.03973261205535757,0.10627980742325972,1.075324255419927,0.04821748951256809,0.06840988681478442,0.10444518011096808,0.14465246853770444
77,AlisonKilling_2014U,256.56000000000006,230.15006017081586,41.952742102522876,11.141993662296512,0.022833713513662736,0.00010011209011657156,0.00977497895104006,0.011347133910340899,0.029324936853120268,0.10121918657829203,1.007513378631859,0.04077193440331765,0.05716635634667737,0.09484095922253902,0.12231580320995306
78,AlisonKilling_2014X,486.1200000000001,243.008459497987,53.224777679569904,10.672404411872186,0.018596399904818043,7.708789611121885e-05,0.007482504613101329,0.008686681649296991,0.022447513839304076,0.10752023246382547,1.036800559366563,0.04249728868577626,0.05989232845176701,0.10228329223329427,0.12749186605732887
79,AlixGenerous_2015W,453.67999999999944,198.39272901865942,46.30027617721068,11.60222672613648,0.022315694750075915,0.00011376953919562494,0.010648315271120888,0.011754543960896726,0.03194494581336276,0.09868589180946742,1.027196642302133,0.042530687154604015,0.058311943119977006,0.09608961200063193,0.12759206146381216
80,AllanAdams_2014,256.10999999999996,196.06802949757298,49.27261677531392,11.505559206874706,0.02546080111324144,0.0001323863659961678,0.0098749742486579,0.011630167834980061,0.029624922745973774,0.12047474359789838,1.1344509875035027,0.04866208700392142,0.06879698105518503,0.11769208336131269,0.14598626101176435
81,AllanAdams_2016,565.8800000000001,173.5275447713331,50.807686671292956,8.480498269686706,0.029366596326172275,0.00017394562367277396,0.012329334822526631,0.014682880520046192,0.036988004467579993,0.12514463355088853,1.1956257956347554,0.05489372380053529,0.07552372723942614,0.12214101544486947,0.16468117140160587
82,AllanJones_2011G,845.4699999999999,131.55262407105795,35.226644600003205,8.062878882300357,0.02830692960737397,0.0002164219961322631,0.012219278053852013,0.014711351153352295,0.036657834161556165,0.11845169680627213,1.1354931382886757,0.051878289939829215,0.0736047548481514,0.11936485877829518,0.1556348698194877
83,AllanSavory_2013,1212.03,123.73108971632728,41.117896755562,11.776482154452438,0.024942712432563744,0.00020325256665981235,0.008736700757421742,0.010522897887485758,0.026210102272265334,0.1020007429890501,0.9989739958899193,0.041285379162089846,0.056561576222528616,0.09872958175512798,0.12385613748626977
84,AllisonHunt_2007,201.01000000000002,208.0480283491489,53.29153291271698,10.725650267574311,0.02541120121097979,0.0001232378288975221,0.011205175202409203,0.012682410583301643,0.0336155256072277,0.10634430460788895,1.0474769418824115,0.04664488324343333,0.06215141139053776,0.09582099503802191,0.13993464973030006
85,AlwarBalasubramaniam_2009I,883.7600000000002,174.32289332842333,33.328890464323706,13.022750656895878,0.024074524141728778,0.00014096595370529416,0.00964411680981269,0.012313564936067846,0.02893235042943819,0.1119250097658377,1.092752117743162,0.04485946135181636,0.06493120804294082,0.11206604238432862,0.1345783840554491
86,AlysonMcGregor_2014X,813.7900000000002,214.91700759886686,46.49221054547662,13.697421190083924,0.020301979517412534,9.557056481368278e-05,0.008349009556129685,0.00933289842906217,0.025047028668389155,0.08697150093740082,0.8892487875489012,0.03633651183420432,0.050146495840465946,0.08308108707619814,0.10900953550261308
87,AlyssaMonks_2015X,698.2099999999998,183.25292447903345,41.80553513660873,11.099255882165911,0.020581644273135774,0.00011342041840576047,0.008986565908767322,0.009574788964525021,0.026959697726302082,0.09662976571746185,0.9639405461100559,0.0384238340858377,0.05136334997687041,0.08993503527330299,0.1152715022575131
88,AmandaBennett_2013P,777.7599999999995,217.6694350272142,49.16946040100111,13.342648794101285,0.020749529599757056,9.649622908155733e-05,0.0094054021636819,0.01044405584905703,0.028216206491045778,0.09898070501264171,1.0255669404572099,0.04184256872167303,0.0589906509542007,0.09881351549463818,0.12552770616501913
89,AmandaBurden_2014,1043.8899999999999,185.97989636500773,42.610074316238,10.952002642196778,0.024014405516393885,0.00013058904618132574,0.0109338689672735,0.011283937053236343,0.03280160690182059,0.09982746408860618,0.9626892374018042,0.043095531556719885,0.055867899191331456,0.0877988057285548,0.12928659467015974
90,AmandaPalmer_2013,698.8600000000008,173.2174895489336,31.8886084640109,12.488745558631942,0.020276386962990132,0.0001191353683871488,0.007713663685247839,0.00931362311130206,0.02314099105574364,0.10346495295031236,0.9988617624286027,0.03910179939806195,0.05575839674029446,0.09748531799882254,0.11730539819418599
91,AmberCase_2010W,433.05999999999995,239.54672931429843,51.12648293690371,10.898978205761965,0.025262963610166785,0.00010618410417739757,0.011585332476205036,0.013411407535051168,0.034755997428615217,0.11037098081104493,1.1168778386505143,0.05064933186926331,0.06992318439465571,0.1093380868614376,0.15194799560779002
92,AmeenahGuribFakim_2014G,751.3200000000003,223.55082169357067,45.440662988457994,12.941365405368284,0.023015089003038027,0.00010417927743727444,0.009722658853992936,0.011404236710330575,0.029167976561978882,0.09010752110328288,0.9339996690835953,0.03693860177682651,0.051337026883561204,0.08691477250554665,0.11081580533047952
93,AmeeraHarouda_2016,424.7499999999999,266.4043407034084,48.32179788127401,13.91221895160402,0.019371811826060407,7.383833200105811e-05,0.008722791230060707,0.010404270626320098,0.026168373690182243,0.08481856283257763,0.926150798213273,0.034708546075701924,0.04894230773884847,0.0818592382842289,0.10412563822710594
94,AmiKlin_2011X,1104.5500000000004,154.89065021958717,43.84596064353346,8.019269198090225,0.027342272423430743,0.00018144595066414004,0.010733565525749916,0.012637839495957202,0.03220069657724985,0.12832916377809522,1.192261980697594,0.0561512619157774,0.0763723282090482,0.12437861331614648,0.1684537857473322
95,AmitSood_2011,282.12,129.6547226313128,28.52785764568461,8.695833687919574,0.023524128546963657,0.00018366056142614758,0.010263002961435763,0.012465459104697808,0.030789008884307394,0.11205720451777995,1.087202182946467,0.046110580826614074,0.06421053776271571,0.10735945597545567,0.13833174247984237
96,AmitSood_2016,773.4500000000005,177.48673938216584,45.24875652278031,10.724071145754962,0.02503997771246993,0.00014279656280458282,0.0101550509929305,0.012199375111944665,0.030465152978791588,0.10904073668924136,1.0942676549402834,0.04451943729508102,0.06302815557297982,0.10792851120390758,0.13355831188524314
97,AmoryLovins_2005,1077.5700000000002,117.08974139282702,24.16268814670341,7.1024752989226565,0.026522968231599182,0.00022902930662580106,0.009970842731086156,0.0128580049695229,0.029912528193258566,0.10878513204742388,1.0199488534753653,0.04796185192486783,0.0665801184479372,0.1064489193285074,0.14388555577460355
98,AmoryLovins_2012S,1551.9300000000017,120.65234197032444,31.122854193873046,9.125032936080371,0.02656987991638844,0.00022288896363141853,0.009255492230048104,0.01173424087898316,0.02776647669014444,0.11126681739772692,1.0499311673314962,0.045650902979693486,0.06569438071300018,0.11459239800121834,0.1369527089390806
99,AmosWinter_2012X,592.6900000000003,142.10448076263577,36.566431027519876,10.740019498388301,0.024340723903168927,0.00017247225761807272,0.009480526736807118,0.01160115648230341,0.028441580210421456,0.12638443979351732,1.1713021979308178,0.05652291891160312,0.07681542811384356,0.12022363705666853,0.1695687567348095
100,AmyAdeleHasinoff_2016X,793.0900000000004,228.17023210416426,55.63871989303072,13.221687677190564,0.021494566972813916,9.547477173917857e-05,0.009098838024849655,0.009911632395292245,0.027296514074549066,0.08756878468339378,0.8996420064349423,0.03651392463300794,0.04872332185343465,0.07804491140763177,0.10954177389902393
101,AmyCuddy_2012G,1120.6400000000006,254.27092489996238,44.82580491274849,11.795804621372785,0.018808793407925614,7.522135204877117e-05,0.008115437199524797,0.009561512636131156,0.024346311598574526,0.11323083411649511,1.098496288903748,0.045623241933113456,0.0637575978473552,0.11220544086128365,0.13686972579934056
102,AmyGreen_2017S,591.84,230.36439698404604,41.942981365330915,12.718231218215038,0.01992892123746528,8.788562307633734e-05,0.009056598821842798,0.009940508063542297,0.0271697964655285,0.1005216872716938,1.0067579439007515,0.04267309631803276,0.05875101593902225,0.0964309501707914,0.1280192889540983
103,AmyLockwood_2011G,221.74000000000007,230.28086194305894,48.638059498387896,13.155629991271658,0.02010357536978546,8.914894954289102e-05,0.008079593297030032,0.00902008867771745,0.02423877989109022,0.0933990014315411,0.9236304403955214,0.03703213920544438,0.050392101657232215,0.08588415076481189,0.11109641761633324
104,AmyPurdy_2011X,492.3700000000001,258.2978418937882,46.96916333471597,10.281920082004003,0.01860951513092389,7.27976445282405e-05,0.008485468750235849,0.009423295975562972,0.025456406250707653,0.10898658793179611,1.0990743551813258,0.04820425185777469,0.06583389005376551,0.10533541404462059,0.14461275557332418
105,AmySmith_2006,787.0100000000001,273.9990690549402,50.576714672143055,10.50845638533756,0.020269528742266212,7.646487527738523e-05,0.009393086733644971,0.011073196792943475,0.028179260200935047,0.1086337302697652,1.0984546616570465,0.047149167924593886,0.06736853603439617,0.11315503306613683,0.14144750377378176
106,AmyTan_2008,1143.2100000000007,197.88287637453033,35.96332777864777,12.336982104943068,0.021491546303594785,0.00010956327029402328,0.009969763146193739,0.010901365050655027,0.029909289438581337,0.08661552814360374,0.9156522293649224,0.037140576625404854,0.051078390493435176,0.08143752702743429,0.11142172987621463
107,AmyWebb_2013S,904.4999999999995,228.15700893929565,49.08626657131983,9.460513858974391,0.019360067269128745,8.613309094100752e-05,0.007696516295386221,0.00917880894015474,0.02308954888615876,0.11267472612080319,1.0680024788981333,0.048915276651499154,0.06624636381839995,0.10854638581739759,0.14674582995449745
108,AnandAgarawala_2007,219.85999999999996,128.54751971755965,22.264843484064265,9.369734504034739,0.02312367206862455,0.00018268474185840702,0.008321509565796886,0.01079256438235456,0.024964528697390794,0.10583408598772348,1.0150187751612048,0.042963563628725825,0.060943848469617826,0.10321330197006202,0.12889069088617755
109,AnandGiridharadas_2015,1009.6900000000003,150.1499540736771,30.438707836991238,10.364231561264276,0.021229852328200394,0.00014348077639388189,0.007715605020392233,0.009834162440356141,0.02314681506117679,0.10225940034115985,1.0332022442901008,0.04120878353208198,0.05780299253234502,0.09931831990891145,0.12362635059624606
110,AnandGiridharadas_2016T,907.2600000000004,132.5287220437461,32.357988379270964,9.289452795731126,0.025291864433246564,0.00019440047733711288,0.010394485922401359,0.013053895224206878,0.031183457767204152,0.11835146446615906,1.1522979635984465,0.05199837961807489,0.0729439806153805,0.11779274528861951,0.15599513885422484
111,AnandVarma_2015,297.0899999999999,160.82698540612208,28.88393173223951,10.900419070994108,0.02216924451837208,0.00013854912375273505,0.010010730604034125,0.011702577228680648,0.030032191812102503,0.107499983372151,1.102873862159701,0.04553223894964204,0.06595210791922791,0.1124137852911507,0.1365967168489262
112,AnandaShankar_2009I,660.9400000000002,208.94015463693353,52.0417634734301,8.595158057386243,0.027643733125418717,0.00014743814767362106,0.014074143644737008,0.016493021054012624,0.042222430934211116,0.1305004821999461,1.2179912120169278,0.061724832582919074,0.07886290799244874,0.11391795367660196,0.18517449774875736
113,AnantAgarwal_2013G,818.4700000000001,153.879365096311,47.87199136182923,9.219619607148282,0.02955613828725679,0.0001959338461854892,0.010483642026051027,0.013492570741358975,0.03145092607815317,0.12358717605039284,1.1214244371540114,0.04872929745500761,0.06979246189796136,0.12008376651627121,0.146187892365023
114,AnasAremeyawAnas_2013,590.4599999999996,151.36221517486678,45.290347398662,8.997965270914484,0.02778189130164063,0.00018897603327350593,0.011235793753167075,0.013934143698797865,0.03370738125950132,0.135167463436891,1.2321554800987944,0.060152441525993784,0.08216868119179255,0.12940167020669624,0.18045732457798142
115,AnastasiaTaylorLind_2014U,284.0599999999999,177.43508375575774,31.689720506079116,10.421034103709601,0.022854931670617123,0.0001296655372562564,0.010028384589943021,0.011086069930819958,0.030085153769829183,0.11583476243566125,1.1056531039127668,0.05000789919633808,0.06906408420927146,0.11197856632846884,0.15002369758901435
116,AndersFjellberg_2015G,785.0100000000006,135.41442836856092,28.93904273222008,9.581725441740987,0.02220803115252123,0.00016648850614872583,0.008574830306241744,0.0104929640178568,0.025724490918725355,0.11822328864770354,1.0997292186082968,0.047412495613019676,0.06735283937085138,0.11804111031011173,0.1422374868390591
117,AndersYnnerman_2010X,936.79,126.40333883766237,28.53335867518331,7.781151858484433,0.025051132941042952,0.00020096208806643978,0.010475109886646766,0.011541047453337165,0.03142532965994038,0.1234692658881397,1.1649929505967498,0.050637698281959846,0.07008482235613668,0.11854143780142824,0.15191309484587961
118,AndrasForgacs_2013G,485.20999999999964,139.77285833443423,34.28003546466681,7.906273141850573,0.026563220524483244,0.00019177894615663417,0.008559680431982512,0.011811309959563965,0.02567904129594765,0.11808156986516595,1.064068210151528,0.05032189393923789,0.06767384447607991,0.10772214980301904,0.15096568181771372
119,AndreaGhez_2009G,856.0799999999998,256.06075200894946,77.18224897746182,10.51091737780734,0.024890785803127535,9.9450479468011e-05,0.0098522679422911,0.011045495162328868,0.029556803826873427,0.10332223286570115,0.9980439321293958,0.04280751367688493,0.057177472229044866,0.09098367792512689,0.12842254103065487
120,AndreasEkstrom_2015X,500.06999999999994,140.9618298177111,35.66031437714053,8.921037869477509,0.0290086716004163,0.00021097577832450583,0.01130288463144528,0.013532147296234339,0.03390865389433593,0.12750689481754474,1.1722582841351636,0.05353832890689624,0.07467762118420564,0.12650857716584066,0.16061498672068877
121,AndreasRaptopoulos_2013G,510.0300000000002,128.9558547599413,26.185270390008544,9.54054469768938,0.027574017161092028,0.0002173702934474755,0.009970482236783823,0.013236605171676812,0.02991144671035157,0.12009028789156916,1.1007691902567185,0.04772386747349312,0.06557439213587168,0.108501896396021,0.14317160242047955
122,AndreasSchleicher_2012G,1108.649999999999,155.27982889399334,30.301565234791404,8.2924413845722,0.027042096167050573,0.00017691521129474915,0.011526841165585729,0.013680879342550141,0.03458052349675729,0.13394424785373926,1.2257906951192248,0.058396649283075974,0.08294449826532471,0.13878995786881126,0.17518994784922806
123,AndresLozano_2013X,820.5300000000001,148.3964164306885,36.940499489145836,10.201168749517896,0.028198493413315515,0.00019173753801060808,0.011368878119668805,0.014332316649237209,0.03410663435900651,0.12413441062687192,1.1889051841752178,0.053949366066869765,0.07560731531011085,0.1272325610115517,0.16184809820060947
124,AndresRuzo_2014G,816.4799999999998,167.81823299772134,37.507967259432114,10.744631420575052,0.02712170973037274,0.00016563483602820547,0.011250117883364155,0.012751137543713592,0.03375035365009259,0.10753823550371287,1.0474049775872094,0.047663684664799796,0.0631477146622608,0.10198059758907281,0.14299105399439957
125,AndrewBastawrous_2014U,339.16999999999985,126.85497992013595,90.7895518992132,7.404447795807829,0.029234028640945986,0.00024139954645649415,0.011437578575395927,0.014306781932587121,0.0343127357261879,0.14562095357291355,1.3269071614723633,0.05989677303761301,0.09295800180829522,0.1635848366182558,0.1796903191128391
126,AndrewBird_2010,287.01,128.11580580154495,38.674087128989754,11.007636178873218,0.031165951548428116,0.0002590977916655619,0.015161977219801155,0.017741311230796006,0.045485931659403525,0.1267378434646497,1.1727747627311067,0.0590478840495581,0.07498808756408597,0.10659298860714098,0.17714365214867434
127,AndrewBlum_2012G,639.2500000000005,114.5010498516352,23.697911083389897,6.674139652602563,0.02379464156748046,0.00021001668708213803,0.00833673034757759,0.01142280400195703,0.025010191042732874,0.1317955020204618,1.1989446650677893,0.05011656372631555,0.07289243681141172,0.13457015186938825,0.15034969117894678
128,AndrewConnolly_2014,1007.4900000000007,164.63185900934315,47.54395848007315,9.561817708021364,0.028762541197850294,0.00017600364637790402,0.011141223671132293,0.013090288869186773,0.03342367101339698,0.10471498206174505,1.0217391785093002,0.046061276580202905,0.06303030697352004,0.09670538528163677,0.13818382974060878
129,AndrewFitzgerald_2013S,646.46,124.81322106195147,40.45953989955156,10.92357673417637,0.023226590777209732,0.00018978740380433493,0.008075580695435352,0.01034610031177956,0.02422674208630614,0.1112348153865777,1.036531610061133,0.04417563576794439,0.06360323359932891,0.10819386706126836,0.1325269073038332
130,AndrewMcAfee_2012X,750.9599999999995,123.35135666756416,26.37553497472457,9.529509406808371,0.027907858814979484,0.00022865288150724034,0.011175800532814782,0.014251874234778802,0.03352740159844445,0.11931243574856257,1.1309636300275139,0.0509660423084696,0.07220965402915924,0.11849743880732354,0.15289812692540888
131,AndrewMcAfee_2013,764.58,133.0258378886157,32.94710987145318,10.59727622799064,0.024660863275549637,0.0001870072542299195,0.008804003542367631,0.011826336502930183,0.026412010627102998,0.12244514126441057,1.1398192304207917,0.04847618818253893,0.06979495484375073,0.12360430764319945,0.14542856454761702
132,AndrewMwenda_2007G,918.0499999999989,239.74340123537857,53.56153783312074,8.593449344481906,0.02727642376270756,0.00011573141136186697,0.011461906180819595,0.013761769737165025,0.034385718542458865,0.12025681761714434,1.1494773086934327,0.053329342765327525,0.07233242250237613,0.11554042568229574,0.1599880282959828
133,AndrewPelling_2016U,366.7099999999999,135.98872286627576,46.68585833845999,9.573814840413013,0.029359371609388982,0.0002209304071631722,0.010632196946904768,0.01323676405350265,0.03189659084071443,0.1145030224178559,1.1042090340244886,0.04725652212917305,0.06711973048198122,0.11395991502873057,0.14176956638751922
134,AndrewSolomon_2013P,1263.6600000000008,135.30686674670451,21.95671371076317,10.477093704356324,0.023125535235241114,0.00017266587873864848,0.009425610923648731,0.01157075259586734,0.0282768327709463,0.11621089477281091,1.09142788724381,0.04408002776125785,0.06344823749035125,0.1196023087827733,0.13224008328377365
135,AndrewSolomon_2013X,1602.4500000000016,138.82289413525857,23.223707678624784,10.803218421442532,0.024794782430472364,0.0001809454800557304,0.010677254455519097,0.0121437207667225,0.03203176336655742,0.11577225425473073,1.0961430332808584,0.04719725855349866,0.06711352528538465,0.11673594664449304,0.1415917756604961
136,AndrewSolomon_2014,1120.83,149.37319318417926,23.052559532018655,11.203737060459844,0.021560087635879452,0.0001456130049309846,0.009319047043877059,0.011132064681137142,0.027957141131631284,0.10813613656762847,1.0575021794272805,0.042661152941569365,0.060990782869681015,0.10821305972592712,0.1279834588247082
137,AndrewYoun_2016,743.0300000000004,141.77456385905757,30.943639203201375,7.571077767466999,0.025687692174009614,0.0001822494948082536,0.010781837852932533,0.01332680288250022,0.03234551355879772,0.11262736987130197,1.1027694981673142,0.04897257593763962,0.06810163757968464,0.1127973568542642,0.14691772781291904
138,AndyHobsbawm_2008,146.69000000000003,110.766650747351,28.337372862156435,6.751354667941142,0.03818467999956679,0.0003476176428654538,0.01726056646469993,0.018553636910463814,0.05178169939409987,0.1354288147324464,1.2332942435236391,0.06265542111197486,0.08247658810913934,0.12025548190178328,0.18796626333592464
139,AndyPuddicombe_2012S,516.6000000000004,155.20761268934965,35.04178058665112,12.360257268298737,0.02099228251931382,0.00013763828967034176,0.007296035266476089,0.008758526376727034,0.02188810579942836,0.10487595371774079,1.0180652725142925,0.04086473020493809,0.05826900785339982,0.10541983073473654,0.1225941906148143
140,AndyYen_2014G,691.0400000000002,153.7141783928459,34.498444799431304,9.588144407637373,0.029079467675741134,0.0001904207647199705,0.012080104068871606,0.013640262546491097,0.03624031220661489,0.1288430342270068,1.2068378454686088,0.05626483228187632,0.07628900980009438,0.1270822346247662,0.16879449684562906
141,AngelaBelcher_2011X,553.8700000000001,264.69737496268334,43.32823831789212,12.731717909317425,0.019565563485390798,7.472202141990473e-05,0.008591361032935568,0.009810763424005008,0.025774083098806806,0.09022616069416751,0.9318930146531983,0.036221746358057645,0.05078267004497727,0.08711353978150745,0.10866523907417308
142,AngelaDuckworth_2013S,347.7200000000002,264.17467137999427,71.58020418272513,11.571419267588393,0.0202091422650866,7.780172547548652e-05,0.008613358955523766,0.009914110869440832,0.0258400768665714,0.10602081127483745,1.0465017142011173,0.045713191817160034,0.06430872079257365,0.10381823484311258,0.13713957545148014
143,AngelaPatton_2012X,410.8900000000003,273.6989491345856,60.623580838566916,10.799232455137956,0.021270989363235293,7.85809060088067e-05,0.009967060761411062,0.010994097882435445,0.02990118228423332,0.10147162902397566,1.0582213005451016,0.04590634137083176,0.0627379787822039,0.09855469552175157,0.1377190241124954
144,AngelicaDass_2016,562.2400000000004,209.15609362569583,44.539571080619865,10.906097336441643,0.02255478348664489,0.00010853542665423132,0.010336010537875157,0.011929105957199485,0.03100803161362556,0.10170916227312027,1.0393006656298551,0.045636220821058324,0.06313438028269266,0.10022988396213768,0.1369086624631752
145,AngeloVermeulen_2014U,389.0199999999998,130.80545007498898,36.904169616242996,8.986431872056396,0.03129338628653651,0.0002431764504681109,0.011527598437001605,0.014806524229568647,0.034582795311004874,0.12780585503256633,1.1622294402191922,0.05422515169755034,0.0737488002354217,0.12150890343950745,0.1626754550926511
146,AniLiu_2016X,387.07,200.1270649450663,48.07059651784607,11.301226704892583,0.028814242875811392,0.00014515993249672294,0.014409568416073274,0.015003503286558039,0.043228705248219916,0.10315743536329623,1.032500444324677,0.04765447347931459,0.059193759847217066,0.08933849663153856,0.14296342043794383
147,AnilAnanthaswamy_2010P,753.2399999999998,153.66840588264813,25.380981929478363,7.815476211073133,0.02433958148610414,0.00015965694423039737,0.010867112674341404,0.013181845176257359,0.03260133802302432,0.12045971365661591,1.189918215703954,0.05277039849672703,0.07424673859522182,0.1252378164385483,0.15831119549018122
148,AnilGupta_2009I,1108.469999999999,161.4576603353769,38.723870324310425,11.76181516208421,0.03189816950404581,0.00020299616894180403,0.011032759075197936,0.014624538110044424,0.03309827722559391,0.11822775507798317,1.1210064577219072,0.04860936321097154,0.07012643947383192,0.12135123449852017,0.14582808963291483
149,AnjaliTripathi_2015X,686.0000000000001,234.4978097387328,51.68858793491146,11.419862258850694,0.02455468627735853,0.00010597513513351664,0.010882194392187555,0.012585308884450825,0.03264658317656276,0.10509833814325915,1.049771541679101,0.0444276199106767,0.062365573587912226,0.10489447397669018,0.13328285973203016
150,AnnCooper_2007P,1041.5700000000004,296.0864542126058,49.64778770839624,13.234366737371626,0.017228162029788555,5.891188792000293e-05,0.006995921779663939,0.008497582367949643,0.02098776533899191,0.08675941308342275,0.8978857804289744,0.03540758398254796,0.04914706214806794,0.0820742441478314,0.10622275194764387
151,AnnMarieThomas_2011,198.35999999999996,272.70897418935186,61.82307471122662,9.354337659853863,0.024799822028926714,9.215402024604175e-05,0.011259190840234242,0.013118956937478683,0.033777572520702806,0.11423366837964621,1.1482221113395013,0.05095783086378459,0.06998823394669068,0.11452195959137373,0.15287349259135385
152,AnnMorgan_2015G,683.2199999999999,232.34155696299933,51.92550463859253,12.52570809554488,0.02239644443034418,9.734713885378305e-05,0.009370223685217952,0.010441096276642955,0.028110671055653954,0.10014020575476913,0.9912673233765594,0.0406628087688423,0.05574206219146762,0.09273267914341012,0.12198842630652697
153,AnnaDeavereSmith_2005,1030.6299999999999,235.716446772746,50.14609857070353,11.991602882409103,0.021159150438552356,9.583596152932069e-05,0.009462609177550072,0.010733263201805376,0.028387827532650324,0.09816101316970886,0.9968657750551522,0.043000128279244786,0.05929429968376373,0.09603912166939983,0.12900038483773446
154,AnnaMracekDietrich_2011G,479.72999999999985,211.81091732323588,40.10109889498106,8.685197773135494,0.020110804601172573,9.569087690466746e-05,0.008970155533766167,0.010153594653306475,0.026910466601298588,0.10853832088903194,1.0581345269946858,0.04695241278331947,0.06462508736200406,0.10361040099457301,0.1408572383499585
155,AnneCurzan_2014X,881.2600000000002,255.78572559561906,68.43652642738726,12.301110728115225,0.020370330858098862,8.078085379803941e-05,0.008860342281405718,0.01025930344462567,0.026581026844217277,0.10237997490542447,1.030899682904501,0.04268639500409354,0.05961383618722578,0.09931746412077265,0.12805918501228075
156,AnneLamott_2017,781.7900000000003,215.63638095299675,35.196188559796106,13.473246109924203,0.0177466497881983,8.290688106583712e-05,0.0075087412355367205,0.009015574908013415,0.022526223706610258,0.09302607721008002,0.9724174345521704,0.0378767112452271,0.05425137016715183,0.0911496820310436,0.11363013373568141
157,AnneMarieSlaughter_2013G,952.4300000000005,218.691781319597,43.24456502720414,13.508391701639365,0.016840700128239877,7.832232378130305e-05,0.006446654695122688,0.00762649529204629,0.019339964085368158,0.08958935773273298,0.8772977866557542,0.03521586058568293,0.04849243250157522,0.0821225734223926,0.10564758175704896
158,AnneMilgram_2013S,728.8900000000002,184.747719344418,31.621214711731312,12.328194272545385,0.022494300552706886,0.0001230897540820107,0.00903354801012581,0.010230057697684383,0.027100644030377534,0.10619656459848575,0.993837514378717,0.03911446151934655,0.05609207353532187,0.10497724601788438,0.11734338455803979
159,AnnetteHeuser_2013G,545.72,226.14578389899268,44.45129783788318,13.285426574387662,0.019418971270343897,8.68744941531021e-05,0.008076180252505597,0.008940613253469726,0.0242285407575169,0.09303888582663042,0.902738725464708,0.03631486954562085,0.04945432340219707,0.08247180842773391,0.10894460863686262
160,AnnieLennox_2010G,504.1000000000001,207.44042664311152,32.228728628421564,11.836465216484335,0.0295724228860554,0.00014373017070360374,0.013772222905545093,0.016259406052377502,0.041316668716635384,0.110789635875375,1.1189097155011665,0.0456141936538185,0.06687988755718809,0.11671721640669665,0.13684258096145557
161,AnnieMurphyPaul_2011G,959.1699999999997,177.40305262032487,27.629307316730785,10.96315696306582,0.019263875662990936,0.00010927009083219976,0.00862852942840212,0.010058102227201765,0.02588558828520647,0.10198481983057435,1.036135078187927,0.04123299482950023,0.058662965157760996,0.10047637882593388,0.1236989844885007
162,AnoteTong_2015Z,1135.469999999999,122.50387517450778,33.06419343744585,9.406435152723358,0.032674912762413855,0.0002700780964448063,0.012586543341779667,0.01539695345114975,0.03775963002533911,0.12627158478520017,1.193217723232093,0.05118409018233863,0.0732473491562442,0.12952539441508565,0.15355227054701606
163,AnthonyAtala_2009P,938.3600000000002,136.87129596866404,35.87709374343966,8.245740244208225,0.026176289678121325,0.00019353583506121676,0.010525315172888853,0.012746135796289203,0.03157594551866665,0.11210217691855397,1.0745521603484574,0.04922845251876633,0.06664932006567469,0.10358058557937633,0.1476853575562991
164,AnthonyAtala_2011,803.1099999999998,150.3806118740254,27.709119895097114,10.803112483284686,0.022192060215270665,0.0001501598156144192,0.008530916598326735,0.010288941374639479,0.025592749794980305,0.10401427448904899,1.0209448174175833,0.044313547822595986,0.06241437898451165,0.10428959714119183,0.132940643467788
165,AnthonyDRomero_2017,654.7599999999996,121.71736386890016,36.31768756749741,9.1673038673001,0.027700754110650153,0.00023136232682924413,0.010986908959488,0.014378015932902999,0.0329607268784641,0.11750359245939687,1.1365170715338264,0.04769378416379789,0.0698361834717978,0.12489290399153272,0.14308135249139373
166,AnthonyGoldbloom_2016U,257.7099999999999,127.10745278109154,32.54502854084655,8.438882305525738,0.024139121624009295,0.00019147476695141683,0.009129655380772265,0.011663109443603024,0.02738896614231689,0.11960938060431428,1.138961150104872,0.04450785251704987,0.0669077961506402,0.1274682676816102,0.13352355755114972
167,AntonioDamasio_2011,1001.2900000000004,135.71910258205833,29.036859435812467,8.863576334001001,0.031751799984538094,0.00023498557506383572,0.014803778582565258,0.017219911117469285,0.044411335747695846,0.13683646358247076,1.29430075434975,0.06469235534685511,0.09102072249335241,0.1421891229369363,0.19407706604056538
168,AntonioGuterres_2015G,1041.2799999999988,160.90561165710827,41.98213030973642,10.116635998929127,0.030824576027732465,0.00019546694931035975,0.01353164741429619,0.015745143000872045,0.040594942242888676,0.13059159772835555,1.2361156825307407,0.05642362774573781,0.07969468702365373,0.13546286632000865,0.1692708832372134
169,AntonyGormley_2012G,781.7200000000003,109.05188950007822,33.301737459251854,6.826064814556589,0.03573216500053478,0.0003364030239787761,0.015426952887544625,0.017698355786297422,0.046280858662633935,0.1412391981426306,1.2858694212769566,0.06280838918214993,0.08839800685502967,0.1506334603920999,0.18842516754644986
170,AnupamMishra_2009I,821.3000000000004,149.37689615382877,31.758760090583287,12.384142910849869,0.029097888772936877,0.00019661315191667422,0.013006317110865204,0.016065032440136316,0.03901895133259567,0.11331119494355331,1.1166463052238815,0.04914276784087021,0.07193041393047225,0.12041482948394662,0.14742830352261072
171,AomawaShields_2015U,282.6499999999999,188.09281029778236,44.212948290843386,9.326940941257547,0.02491148874361673,0.000133598186126346,0.01069688790429552,0.012445347248972326,0.032090663712886644,0.11398336942213377,1.1090970325781648,0.05071652079390209,0.06886797847071043,0.10731346149309832,0.15214956238170635
172,AparnaRao_2011G,430.01000000000016,202.34991761054087,32.51704027371664,14.092302328652547,0.02050569264922993,0.00010288094681921657,0.008241248342644584,0.009434365042857232,0.024723745027933872,0.0874629951835245,0.8191969410320568,0.036432789422865264,0.048322319219361726,0.08166499233422535,0.10929836826859587
173,AparnaRao_2013U,476.6299999999999,189.04887977284676,35.84459874827645,12.046464166105341,0.024888083391237346,0.00013302386559070248,0.011470191318162602,0.013218854674095733,0.034410573954487884,0.11338514264718852,1.1212649533405972,0.049666315095285234,0.0700758049850499,0.1177036337601616,0.1489989452858558
174,ApolloRobbins_2013G,381.65999999999997,169.26548746651096,37.79202230337469,9.663163864048796,0.02371359878711914,0.00014226753426970434,0.009236998755496759,0.010801101405726302,0.02771099626649037,0.11461061627905512,1.0791145151799428,0.04667804443920002,0.06390036383664247,0.10834273437877945,0.14003413331760012
175,AriWallach_2016X,706.7999999999998,177.18321778499634,43.52969633425408,10.596701588951719,0.02918890875297179,0.00016682077734945627,0.013380100950765613,0.014924261412198681,0.04014030285229694,0.11974707615562646,1.1453844234402144,0.05328007811104798,0.07316510214062687,0.11799571904276128,0.15984023433314412
176,AriannaHuffington_2010W,183.29999999999993,265.10974266983567,55.31068802697161,13.104503319955876,0.020553541771043567,7.862889002463897e-05,0.010282771399274469,0.011561445904928422,0.030848314197823516,0.10502718697889767,1.0953741704377047,0.04753148098364437,0.06512428197195996,0.10355702215556935,0.1425944429509332
177,ArielGarten_2011X,833.9700000000004,265.77352832911436,46.989276627027735,10.201458705211657,0.02656194741166869,0.00010047646638091347,0.013128148428609734,0.014889982783918475,0.03938444528582932,0.11791866684415962,1.1987988446659597,0.055906280400875696,0.07788005623543155,0.12028278727098818,0.16771884120262728
178,ArisVenetikidis_2012X,884.3499999999999,159.14955312914782,50.79726501266968,7.105194130606866,0.02601796416925267,0.00016586960633049785,0.010900333396836529,0.013417396704602742,0.0327010001905097,0.13066381777319588,1.2391885267412426,0.05710899229926139,0.08038062400519443,0.13089455986658227,0.1713269768977843
179,ArthurBenjamin_2005,458.33000000000015,197.4848006408757,43.89288654897061,9.996523081915056,0.02115304466081951,0.00010909910957913393,0.009212278865505958,0.010750059135521657,0.02763683659651798,0.11053630824455354,1.0899848268500387,0.04873420834865484,0.06661750870672326,0.11205426410799016,0.14620262504596465
180,ArthurBenjamin_2009,126.58999999999999,186.91942551088016,38.09374463736678,7.8292713595609635,0.015913700045996088,8.734343782649837e-05,0.006410083811831873,0.007611512893753166,0.019230251435495702,0.12443822433902714,1.1603047577760228,0.052079285519181964,0.07174423758827855,0.11853092233372933,0.15623785655754605
181,ArthurBenjamin_2013G,326.53,186.22654602352324,47.87022123534195,10.75923718242095,0.019854007502037987,0.00010943676121326798,0.0074319942803645865,0.00902355529929943,0.022295982841093874,0.10861094758681122,1.0256570251610777,0.043914276232906654,0.061146194002415166,0.10517437453684647,0.1317428286987201
182,ArthurBrooks_2016,787.9900000000001,172.09682364969396,49.79949722390394,9.531692190903588,0.024526013166479742,0.00014481036196247195,0.00936940920238158,0.011429816724738836,0.028108227607144834,0.11592626255845033,1.113775622961559,0.04838188028369341,0.0678975408615507,0.11232112716990833,0.1451456408510803
183,ArthurGanson_2004,797.3299999999999,140.75164954696953,36.63084114512974,8.454996706780626,0.024968901691511978,0.0001812324463279341,0.010386497632872752,0.012269589772906772,0.03115949289861836,0.11993936617490336,1.1416190913698534,0.05528129419918193,0.07352084463195882,0.11549547428222921,0.16584388259754584
184,ArthurPottsDawson_2010G,483.2499999999997,112.04597733855384,22.904776942999263,9.214804814554167,0.026200611786390396,0.00023558609913154122,0.010342346121723819,0.01276069319929935,0.03102703836517152,0.12452849851327223,1.1874470376436104,0.050704303855427596,0.07235846462889495,0.11890957793977222,0.15211291156628284
185,ArunachalamMuruganantham_2012S,386.36999999999995,194.39865069260975,38.193810541142796,12.830468525888756,0.028306561773756265,0.0001474956015531978,0.012152795336055521,0.014901735411733648,0.03645838600816667,0.10494290118840877,1.0617699639531966,0.04310123922608904,0.0622508611603302,0.11301093957878373,0.12930371767826726
186,ArvindGupta_2010P,728.6499999999994,230.86481850417113,55.543671130020904,6.416030996669206,0.03152397427967987,0.00013966314034848587,0.013588646467107973,0.01620211938402586,0.040765939401323996,0.1330452174651162,1.269197120755893,0.06105755302730294,0.08295748877296134,0.13256297621805102,0.1831726590819089
187,AshBeckham_2013X,510.55,150.06705694223555,28.87754593491227,12.417196909025826,0.019192490110702135,0.00013420253157028306,0.006944348694626972,0.00826626509744267,0.020833046083880993,0.10222514320763669,1.0007025415446749,0.03705971846284573,0.053906362435193374,0.10098670029352066,0.11117915538853734
188,AshBeckham_2014X,781.9399999999998,178.8150002449611,38.3317920248912,11.513929995752251,0.01762204800836931,0.00010122447073756924,0.0066926171902504826,0.008006852612533512,0.020077851570751544,0.10537945268051602,1.0464708722786074,0.04067698845415579,0.057522344267312175,0.10210094533698247,0.12203096536246742
189,AshadeVos_2014U,312.68,226.09762522308245,54.815028551577136,11.771307744794939,0.024111046592221685,0.00010788079588038203,0.010811359260854764,0.012516201356035232,0.03243407778256441,0.09858872811751425,1.0167265409771993,0.04297438976916058,0.060037684102328605,0.09580391742954017,0.12892316930748185
190,AsherHasan_2009I,196.48000000000005,151.77295122701608,39.29541006468529,13.28923638210886,0.024379405816097127,0.0001619346969179311,0.00896083509683434,0.010975964632701786,0.02688250529050311,0.11353018391315912,1.0857762414791696,0.039834196982681896,0.061381762777175365,0.11961067244284171,0.1195025909480458
191,AshleyJudd_2016W,749.0699999999998,228.9237334553133,52.00974709875081,12.349952865036972,0.02023283381423451,9.143465966775306e-05,0.008222980008770439,0.00962834918176493,0.024668940026311433,0.09543476010008464,0.948174106585982,0.039632128509226164,0.05447964024187212,0.0904606265205566,0.11889638552767857
192,AshrafGhani_2005G,900.9300000000006,190.39114396831056,51.48936062858338,10.202836993511324,0.031739494309149074,0.00017304623718749268,0.012482446573509814,0.015455977360846512,0.03744733972052958,0.11476739131632646,1.1180123622863565,0.04915113975625743,0.07034309585618062,0.11566791993031719,0.14745341926877253
193,AshtonCofer_2016Y,328.03000000000003,175.7453759319817,37.939746369617104,10.455603114131115,0.02290768399247638,0.00013159057405329034,0.008537685856393027,0.01044470950564029,0.025613057569179174,0.11788469926221924,1.1110442681656643,0.04629424677006654,0.06770949703113861,0.11721397285247785,0.1388827403101997
194,AspenBaker_2015W,211.36999999999998,183.69861796389796,47.2140794634902,8.661814762829525,0.025304421196659148,0.00014155492795625617,0.01117474297669135,0.012359666589761375,0.03352422893007416,0.10012743538076176,1.0015291634423589,0.045180933563040745,0.0605031331533236,0.09347569840713037,0.1355428006891223
195,AstroTeller_2016,872.6400000000002,141.73720601273305,44.01982416058441,7.612409280493118,0.027647123242222515,0.0001978275990572506,0.010675863702808944,0.013025578462602862,0.032027591108426935,0.11791968730373423,1.1258142090542518,0.05159863192620308,0.0705235670892329,0.11493794840060648,0.1547958957786092
196,AtulGawande_2012,1018.9899999999996,132.84985977491212,26.074894678551157,10.029899399389167,0.026084661873481133,0.0001983223932963199,0.010686630985509118,0.012499452013808159,0.03205989295652742,0.10613508133853053,1.0229217798857297,0.044686337446777816,0.062134536708267886,0.10156136303834892,0.13405901234033366
197,AubreydeGrey_2005G,1216.0300000000009,150.7184665960579,47.837237058563005,9.727126409777682,0.03166760561367279,0.00021269147303522553,0.013343779325944482,0.015825621395885732,0.040031337977833516,0.13339768086052914,1.2268776735583389,0.057240080083342165,0.08201046369638247,0.13662207330831316,0.17172024025002658
198,AudreyChoi_2015S,710.8399999999997,201.24363194502038,52.44842231963019,9.401359863714237,0.027210426981814206,0.00013835695179463715,0.0123540910704308,0.0126865983211456,0.03706227321129252,0.12104774373674244,1.1553191551396211,0.05409527951501318,0.07043462957851794,0.11427662562594376,0.16228583854503967
199,AukeIjspeert_2015G,774.0899999999995,165.64351540267288,43.33276024283882,10.915166161047102,0.03281241410464821,0.0001995723137591762,0.014427552706373338,0.017230656662086046,0.04328265811912013,0.12449229194726115,1.193063932710478,0.053203856076807596,0.07668102616158223,0.13011456633508917,0.15961156823042297
